dataset_id,target,variant,preferred_inventory_variant,assessment,toas_in_model_window,observing_days,span_days,frequency_min_mhz,frequency_max_mhz,median_toa_uncertainty_us,in_master,previously_searched_by_recherche,screen_exclusion_reasons,preparation_prerequisites,par_sha256,tim_sha256
extended_pulsars/J0835-4510,J0835-4510,extended_pulsars,True,EXCLUDED_CURRENT_SCOPE,1458,625,2025.4543749486145,828.67,842.659,5.101,False,False,published_glitch_model,utmost_adapter_and_released_clock_binding; global_white_noise_translation; source_timing_and_phase_connection_verification; target_calibration_and_noise_adequacy; single_band_dispersion_noise_policy,4389de3cfdde47f623b3dee333aa4b81e9859607cc7238c455eec55709a8f61a,57845324a5f915fccc4b484eefb9ee0332c0edd96e80f7af90b5e3d34ec64b73
extended_pulsars/J1257-1027,J1257-1027,extended_pulsars,True,EXCLUDED_CURRENT_SCOPE,71,68,1424.0460660826357,834.763977,835.622986,391.301,True,False,published_glitch_model,utmost_adapter_and_released_clock_binding; global_white_noise_translation; source_timing_and_phase_connection_verification; target_calibration_and_noise_adequacy; single_band_dispersion_noise_policy,19997adeb3cf1f1529c0ba14f9aec58118233f4c9800582a235055b4d3739578,08c2d81697fc0a1d83c5fed87e981b7a3216fe317993afdbddefe43197a09a07
extended_pulsars/J1452-6036,J1452-6036,extended_pulsars,True,EXCLUDED_CURRENT_SCOPE,287,231,734.9845971887415,834.315002,835.642029,1370.109,True,False,published_glitch_model; span_below_1200_days,utmost_adapter_and_released_clock_binding; global_white_noise_translation; source_timing_and_phase_connection_verification; target_calibration_and_noise_adequacy; single_band_dispersion_noise_policy,0e151c734da0e656aba39d7a8dbf61dfed57d73bea5740583fcdd47035e143da,602de5c689b3d7d7e7387e7b22ef1010d485092fca7c23057776a8f770c378a4
extended_pulsars/J1703-4851,J1703-4851,extended_pulsars,True,EXCLUDED_CURRENT_SCOPE,62,58,1444.0134420737295,834.335022,835.682983,651.2925,True,True,published_glitch_model,utmost_adapter_and_released_clock_binding; global_white_noise_translation; source_timing_and_phase_connection_verification; target_calibration_and_noise_adequacy; single_band_dispersion_noise_policy,ac65c7e2f6e0ca66806f9e597e042b578f107703ea853de7a2c8db53ed4f36f7,0697ba688add0f96b5dc113af2837b086fc08f17eeb3d7aee74830ab19afd7e0
pulsars/J0030+0451,J0030+0451,pulsars,True,EXCLUDED_CURRENT_SCOPE,58,55,369.9858493536961,835.349976,835.567017,38.414500000000004,True,True,span_below_1200_days,utmost_adapter_and_released_clock_binding; global_white_noise_translation; source_timing_and_phase_connection_verification; target_calibration_and_noise_adequacy; single_band_dispersion_noise_policy,5cdea97b2d98cd1232003276ba82179bd22bd449b33b474a6807f1bff6e19e55,79482c1b70e06dda8d85c750e425f03d6a0845ee701b27e318b9318696719ca4
pulsars/J0134-2937,J0134-2937,pulsars,True,CONDITIONAL_PREPARATION_CANDIDATE,198,189,1217.6282614498045,834.322998,835.616028,78.02099999999999,True,False,,utmost_adapter_and_released_clock_binding; global_white_noise_translation; source_timing_and_phase_connection_verification; target_calibration_and_noise_adequacy; single_band_dispersion_noise_policy,6c46eb60309931dc87ef2fc512f53679aa25f201023b87b9d22b9f17ada860e0,ebd8765d782d10a132ca58dd4dda47a8e3b1b1db7f0918d306719398f556efba
pulsars/J0151-0635,J0151-0635,pulsars,True,CONDITIONAL_PREPARATION_CANDIDATE,196,194,1333.287497092761,834.703979,840.232971,1024.827,True,False,,utmost_adapter_and_released_clock_binding; global_white_noise_translation; source_timing_and_phase_connection_verification; target_calibration_and_noise_adequacy; single_band_dispersion_noise_policy,d3f379f78de2dea6ab96359401f81c1c58d6358dd17c7afd5cf80595b3d116f6,74dbe154922fb3e7830ddff1c95f7c5a1b661fda1ce55a57905bf5655956c378
pulsars/J0152-1637,J0152-1637,pulsars,True,EXCLUDED_CURRENT_SCOPE,119,116,1172.8461495958095,834.674011,835.59198,357.164,True,False,span_below_1200_days,utmost_adapter_and_released_clock_binding; global_white_noise_translation; source_timing_and_phase_connection_verification; target_calibration_and_noise_adequacy; single_band_dispersion_noise_policy,2f6d75e16eb4097a38b5c9d6da2f26e0d61a9c5b6306cce4c77e0e1ac40191d3,a16233ba3f110ea1835bf4688de57c2758a4ac5b5fdb55bc2573f4814f04de6d
pulsars/J0206-4028,J0206-4028,pulsars,True,EXCLUDED_CURRENT_SCOPE,131,115,1193.6960241740844,834.617981,835.606995,532.546,True,False,span_below_1200_days,utmost_adapter_and_released_clock_binding; global_white_noise_translation; source_timing_and_phase_connection_verification; target_calibration_and_noise_adequacy; single_band_dispersion_noise_policy,95e41d42b8cf42254454469c900ea4166b0d76927849649d023f14a5c1ee330b,7945833e4e8f4a3c6d5b24ed5e3577780220a2226a686a8a3b26103d671d806d
pulsars/J0255-5304,J0255-5304,pulsars,True,CONDITIONAL_PREPARATION_CANDIDATE,270,257,1336.5314548471276,834.028992,840.234009,109.0645,True,False,,utmost_adapter_and_released_clock_binding; global_white_noise_translation; source_timing_and_phase_connection_verification; target_calibration_and_noise_adequacy; single_band_dispersion_noise_policy,776216c70bd6b3589eba5114af2a1b5378415a46b93d1b741c3dc0cd67cdb2cb,1b36a3cedb7724911bde2fe109b272cb8b6030383dfde475b98647940a05cea5
pulsars/J0348+0432,J0348+0432,pulsars,True,EXCLUDED_CURRENT_SCOPE,41,40,1014.1904108969883,834.762024,835.559998,76.624,False,False,known_binary_or_wide_companion; span_below_1200_days,utmost_adapter_and_released_clock_binding; global_white_noise_translation; source_timing_and_phase_connection_verification; target_calibration_and_noise_adequacy; single_band_dispersion_noise_policy,80e19d3ec92e0201aebf571ce3dd39c9173c764c6e5823e6d0030ec3aa634ee9,86bbebee3ae3bdc4b91c621507dddf43485e3c3d2b482e192e62a92adcd60d2f
pulsars/J0401-7608,J0401-7608,pulsars,True,EXCLUDED_CURRENT_SCOPE,110,85,1122.9549482254097,833.992981,835.620972,770.1479999999999,True,False,span_below_1200_days,utmost_adapter_and_released_clock_binding; global_white_noise_translation; source_timing_and_phase_connection_verification; target_calibration_and_noise_adequacy; single_band_dispersion_noise_policy,1cd64bfa57fcb4e547f71f4ae43d0325f834a3f7b91fbeaa3790fdd63ee0649a,73461e116909ff9f510485315f13bd0ba9dd604df74b7e999faa7f13505ed846
pulsars/J0418-4154,J0418-4154,pulsars,True,CONDITIONAL_PREPARATION_CANDIDATE,99,95,1202.8496749733893,834.499023,835.598022,1593.337,False,False,,utmost_adapter_and_released_clock_binding; global_white_noise_translation; source_timing_and_phase_connection_verification; target_calibration_and_noise_adequacy; single_band_dispersion_noise_policy,f93d63575f404b3f598c57fc5d64d970a0584f4c4093fe1de6cc70614c326d72,aed976961c4601c3cc8ddae27771308de64793080fd622c802108fc86ea4b3c2
pulsars/J0437-4715,J0437-4715,pulsars,True,EXCLUDED_CURRENT_SCOPE,230,211,502.6225587482444,834.45697,835.578979,0.743,True,False,known_binary_or_wide_companion; span_below_1200_days,utmost_adapter_and_released_clock_binding; global_white_noise_translation; source_timing_and_phase_connection_verification; target_calibration_and_noise_adequacy; single_band_dispersion_noise_policy,e1545103a2ed657e5119ada30ae289500b6dafc43a107fd2b05ea3811ba5a730,fb20146e9a04968beb2f23d32406ffaf0ffe0dc425b10d6ce3f8c3e665274c20
pulsars/J0450-1248,J0450-1248,pulsars,True,EXCLUDED_CURRENT_SCOPE,81,80,1118.0481393950754,834.73999,835.61499,771.903,True,False,span_below_1200_days,utmost_adapter_and_released_clock_binding; global_white_noise_translation; source_timing_and_phase_connection_verification; target_calibration_and_noise_adequacy; single_band_dispersion_noise_policy,a15a6bbcd8282d866dadc0ce16c827926a6d5af684aa5954f8715a7eba7f38a2,e8c57f5adf1a6cfb180fae5d40f4973d97e53a72538beecd70b33f76f6979478
pulsars/J0452-1759,J0452-1759,pulsars,True,CONDITIONAL_PREPARATION_CANDIDATE,121,116,1327.2265388074452,834.672974,840.232971,160.511,True,False,,utmost_adapter_and_released_clock_binding; global_white_noise_translation; source_timing_and_phase_connection_verification; target_calibration_and_noise_adequacy; single_band_dispersion_noise_policy,9370bba861e2d3e52a6fc320aa3103bcd1d396f5b00e42f58e27af3ccee640e4,831424c76d94949bfc32e9a265856f5377a0d854503ff7a85f288abd190545fa
pulsars/J0525+1115,J0525+1115,pulsars,True,EXCLUDED_CURRENT_SCOPE,59,56,1121.990413518704,834.591003,835.505981,289.255,True,False,span_below_1200_days,utmost_adapter_and_released_clock_binding; global_white_noise_translation; source_timing_and_phase_connection_verification; target_calibration_and_noise_adequacy; single_band_dispersion_noise_policy,2003dad95e163d4555c11e03b3a70bd44086b57cdac18de3028d3991fedca474,11435ef145f5f1ff10ee69a232c3dd2b1c451249a0e0d4520a4a955ca2740798
pulsars/J0529-6652,J0529-6652,pulsars,True,EXCLUDED_CURRENT_SCOPE,59,55,798.8854620740196,834.606995,835.492981,3090.859,False,False,span_below_1200_days,utmost_adapter_and_released_clock_binding; global_white_noise_translation; source_timing_and_phase_connection_verification; target_calibration_and_noise_adequacy; single_band_dispersion_noise_policy,47562915c5e3fa8f91796729754e1b1338a8b3f9e47d17d981859a002817ce73,dfaf9f5e8d49ece4c6180dec026ccd252bfe0c3415c79ddc1d35e6501d452c93
pulsars/J0533+0402,J0533+0402,pulsars,True,EXCLUDED_CURRENT_SCOPE,54,53,1117.9766175093246,834.61499,835.549988,830.95,True,False,span_below_1200_days,utmost_adapter_and_released_clock_binding; global_white_noise_translation; source_timing_and_phase_connection_verification; target_calibration_and_noise_adequacy; single_band_dispersion_noise_policy,aadee2ab40492c72eba1cf5c4042cb62ad7339652d6af0399a544dd22a489893,3f64d349467d9f8ee0041130589c865075d068f18fdc7c3ad7de7b063e0b6c30
pulsars/J0536-7543,J0536-7543,pulsars,True,CONDITIONAL_PREPARATION_CANDIDATE,188,181,1294.387982059848,834.322998,840.234009,515.926,True,False,,utmost_adapter_and_released_clock_binding; global_white_noise_translation; source_timing_and_phase_connection_verification; target_calibration_and_noise_adequacy; single_band_dispersion_noise_policy,bc1c770c457480e31b28d737fcce8329831b8ea826107d4827c8ddd4783772ea,7a87476228a2662ca2219fafbdeffa82616181eb2e2fa8a6e48c5668b839fbee
pulsars/J0601-0527,J0601-0527,pulsars,True,CONDITIONAL_PREPARATION_CANDIDATE,208,202,1325.3399966647714,834.47699,835.619995,277.472,True,False,,utmost_adapter_and_released_clock_binding; global_white_noise_translation; source_timing_and_phase_connection_verification; target_calibration_and_noise_adequacy; single_band_dispersion_noise_policy,1f4a80d62af7107caa551fb68b86cc01e1b8da7e739b92d2c488be23361677bd,3e08695395e540fcc48775e4f92d9f307f8ee261ad169eff1146238095702c55
pulsars/J0624-0424,J0624-0424,pulsars,True,EXCLUDED_CURRENT_SCOPE,120,120,1119.9671847399209,834.721008,835.575012,381.115,True,False,span_below_1200_days,utmost_adapter_and_released_clock_binding; global_white_noise_translation; source_timing_and_phase_connection_verification; target_calibration_and_noise_adequacy; single_band_dispersion_noise_policy,440b94b6ff916fdd68f5a6befcc6e2b56ba5127ebf953315695fff3e477082da,9e3f33df715188a7e542f79fffa5b5b777ffe0d4ba9d2a8f6c4b1817eaeb1c0b
pulsars/J0627+0706,J0627+0706,pulsars,True,EXCLUDED_CURRENT_SCOPE,111,111,1122.9738324356908,834.481995,835.643005,313.683,True,False,span_below_1200_days,utmost_adapter_and_released_clock_binding; global_white_noise_translation; source_timing_and_phase_connection_verification; target_calibration_and_noise_adequacy; single_band_dispersion_noise_policy,9cee7eea0ec98a5eac734de6f4f997e98bd43b21f94ae2e691fb2d49e16b5ca8,f3148caf1f456c343b50ca2bb8451456237a55edba3e542e1ca0578c9f2da07b
pulsars/J0630-2834,J0630-2834,pulsars,True,CONDITIONAL_PREPARATION_CANDIDATE,87,83,1300.4391606647685,834.414978,840.234009,715.092,True,False,,utmost_adapter_and_released_clock_binding; global_white_noise_translation; source_timing_and_phase_connection_verification; target_calibration_and_noise_adequacy; single_band_dispersion_noise_policy,b7e704ee3eb8446459d29baa403f0ffc7c0e1fa65b28a07f21b2ff7b46389d0d,ad5849f3a4921616d3b5e518582b69e95151ed457c81e238400af7048107f083
pulsars/J0646+0905,J0646+0905,pulsars,True,EXCLUDED_CURRENT_SCOPE,159,158,1074.012457267865,834.396973,835.663025,1206.907,True,False,span_below_1200_days,utmost_adapter_and_released_clock_binding; global_white_noise_translation; source_timing_and_phase_connection_verification; target_calibration_and_noise_adequacy; single_band_dispersion_noise_policy,161c24342d7cb49242546d8ff669242801119c7aa5f26f25a91f2f4283c0a9ce,f7f4f8c83631ae05fad9813a704045f18096337ad91ab0ec14579d2b5ffa7d39
pulsars/J0659+1414,J0659+1414,pulsars,True,EXCLUDED_CURRENT_SCOPE,162,161,1123.0231631149918,834.262024,836.059998,764.491,True,False,span_below_1200_days,utmost_adapter_and_released_clock_binding; global_white_noise_translation; source_timing_and_phase_connection_verification; target_calibration_and_noise_adequacy; single_band_dispersion_noise_policy,d49654f037438e1ce9cfeb7668add4eb287dac9928b982fd640ba6ae73fabe2a,8f529624ddb63769dec3d3e297c839483c873bb747628955566bfcb233d2f29c
pulsars/J0711-6830,J0711-6830,pulsars,True,EXCLUDED_CURRENT_SCOPE,43,43,1030.2209418125578,834.52301,835.705994,22.975,True,True,span_below_1200_days,utmost_adapter_and_released_clock_binding; global_white_noise_translation; source_timing_and_phase_connection_verification; target_calibration_and_noise_adequacy; single_band_dispersion_noise_policy,9424d726466c4fda0ab77dd58ddfbf5d5c8389f284dc8e6b5cb8f35a8dba0204,6212a34f53d16773781ff598ab62547adbdc90e31336a7922769a328dbf65a43
pulsars/J0729-1836,J0729-1836,pulsars,True,EXCLUDED_CURRENT_SCOPE,169,166,1124.9803136869925,834.341003,835.651978,298.972,True,False,span_below_1200_days,utmost_adapter_and_released_clock_binding; global_white_noise_translation; source_timing_and_phase_connection_verification; target_calibration_and_noise_adequacy; single_band_dispersion_noise_policy,607d7e6074f9945b463926c51aea571559b959094b86f19a750d1599128b911d,7648fc168049e2522d7f31d09727fc36937aab039f46e6a23d077f800ad80222
pulsars/J0737-3039A,J0737-3039A,pulsars,True,EXCLUDED_CURRENT_SCOPE,144,97,1242.655498633483,834.632019,840.231995,53.828,False,False,known_binary_or_wide_companion,utmost_adapter_and_released_clock_binding; global_white_noise_translation; source_timing_and_phase_connection_verification; target_calibration_and_noise_adequacy; single_band_dispersion_noise_policy; missing_released_white_noise_parameters,a120bd88284a19f0abe02f05cbb21377cade39401174fb591a992ec91ac94af8,0dfdf71cc15c8057f34a6dd6b54fa880d38850358a57f091fd51711c5a1a403a
pulsars/J0738-4042,J0738-4042,pulsars,True,CONDITIONAL_PREPARATION_CANDIDATE,243,159,1304.4251868517517,833.184021,840.234009,60.701,True,False,,utmost_adapter_and_released_clock_binding; global_white_noise_translation; source_timing_and_phase_connection_verification; target_calibration_and_noise_adequacy; single_band_dispersion_noise_policy,7fcd06419547cf985ac9908995b86b1fa6437268a0412fbb2226f4dd65d3db77,69490666e29c2a839a223f5dffb81e4aa1286f9fc46d5d93fd5aa7f5827314b9
pulsars/J0742-2822,J0742-2822,pulsars,True,CONDITIONAL_PREPARATION_CANDIDATE,180,171,1231.6440506660908,834.257996,835.700989,23.525,True,False,,utmost_adapter_and_released_clock_binding; global_white_noise_translation; source_timing_and_phase_connection_verification; target_calibration_and_noise_adequacy; single_band_dispersion_noise_policy,6c24c8860104c50670c45644d0a5f433aa2a7becf2c4734a58f1c6d30bba10a2,338469de087f05c59bef6278bbc4a7ce80f0762d248ad16ff5dcb3e2388b03a0
pulsars/J0758-1528,J0758-1528,pulsars,True,EXCLUDED_CURRENT_SCOPE,144,141,1110.8262957037507,834.197021,835.695007,316.65049999999997,True,False,span_below_1200_days,utmost_adapter_and_released_clock_binding; global_white_noise_translation; source_timing_and_phase_connection_verification; target_calibration_and_noise_adequacy; single_band_dispersion_noise_policy,e763475199e6fd8308aa075a6f22ebef802875aba7dbf3623f78dbc6560e78ed,6ca0fec27cb58716937b30e7fdecb732bc21f1bb9557cb39a7b48f382bfbda72
pulsars/J0809-4753,J0809-4753,pulsars,True,EXCLUDED_CURRENT_SCOPE,79,67,1110.8224064834167,833.729004,835.432983,398.532,True,False,span_below_1200_days,utmost_adapter_and_released_clock_binding; global_white_noise_translation; source_timing_and_phase_connection_verification; target_calibration_and_noise_adequacy; single_band_dispersion_noise_policy,413a61cc846bfae1a25bf014934946a59f0435cb9f97c5787d3f55a9083f1251,fd7d83f3cdd1719ba2907e01edace06f6d4d0a77bf1f52e223261d6e6fad190a
pulsars/J0820-1350,J0820-1350,pulsars,True,CONDITIONAL_PREPARATION_CANDIDATE,51,50,1271.4509802480336,833.271973,840.234009,153.819,True,False,,utmost_adapter_and_released_clock_binding; global_white_noise_translation; source_timing_and_phase_connection_verification; target_calibration_and_noise_adequacy; single_band_dispersion_noise_policy,8e4cc9b707ab8e6dc88cf72bebc59bb76fffe7cbaacd3b1edc4ad64e2919fd9a,6c2c79ca62ba6b09a073a0e816da8ebb0566061e7caa01a8d74a9efaa3be615d
pulsars/J0820-4114,J0820-4114,pulsars,True,CONDITIONAL_PREPARATION_CANDIDATE,88,78,1207.5517689995675,833.948975,835.606018,1860.8865,True,True,,utmost_adapter_and_released_clock_binding; global_white_noise_translation; source_timing_and_phase_connection_verification; target_calibration_and_noise_adequacy; single_band_dispersion_noise_policy,d1c3757740236544082eda912a642283177f9985b77ef8ba7b93095f9b6db167,d83ed6a1ca9ad6a9d9a830e9356b78f33c5d5ec48ab61e0cc44974126cf79e2c
pulsars/J0835-4510,J0835-4510,pulsars,False,EXCLUDED_CURRENT_SCOPE,1420,581,1712.310887466149,828.67,842.659,4.979,False,False,published_glitch_model,utmost_adapter_and_released_clock_binding; global_white_noise_translation; source_timing_and_phase_connection_verification; target_calibration_and_noise_adequacy; single_band_dispersion_noise_policy,85e5d0397d194701927152f16ea8dfc50921b27a3aa7a15e9e6588c085d87a84,c36eb4e9374dfc46b8a98967c8a9148e339ac47cef4b008450ba7911591ec9ae
pulsars/J0837+0610,J0837+0610,pulsars,True,CONDITIONAL_PREPARATION_CANDIDATE,78,62,1336.3249599261464,834.210022,840.232971,252.94549999999998,True,False,,utmost_adapter_and_released_clock_binding; global_white_noise_translation; source_timing_and_phase_connection_verification; target_calibration_and_noise_adequacy; single_band_dispersion_noise_policy,7f001224c2b1ab80574b5ad4e49c3685dfc0eb7e4632fd31b4af47c99dbdbf23,28acdf224ba12d5959e2636cee4f463c95ba6723bb7eb4c19413ab005325b22a
pulsars/J0837-4135,J0837-4135,pulsars,True,CONDITIONAL_PREPARATION_CANDIDATE,140,113,1298.4432261405534,833.598999,840.234009,55.695,True,False,,utmost_adapter_and_released_clock_binding; global_white_noise_translation; source_timing_and_phase_connection_verification; target_calibration_and_noise_adequacy; single_band_dispersion_noise_policy,41a4028fda3736aa9bc9b856ff8af97009ca45da84a62dea010ab7abe6d346a3,a474655fa7c38c7f30a255fb4e8353f9381c228be39b4fe52ebda5d18f359e09
pulsars/J0840-5332,J0840-5332,pulsars,True,EXCLUDED_CURRENT_SCOPE,59,57,1118.8527662247857,834.414001,835.461975,647.379,True,True,span_below_1200_days,utmost_adapter_and_released_clock_binding; global_white_noise_translation; source_timing_and_phase_connection_verification; target_calibration_and_noise_adequacy; single_band_dispersion_noise_policy,d244c8c889b8ede176f714e8a08da7699bbec63f63e73ea2b7900ba2628f5202,afd41174789b8d69833f1ffffc669477f14de093708d73f37ad85089ea5ada4b
pulsars/J0842-4851,J0842-4851,pulsars,True,EXCLUDED_CURRENT_SCOPE,44,38,1115.9527721857394,834.416016,835.445007,537.7105,True,True,span_below_1200_days; fewer_than_40_observing_days,utmost_adapter_and_released_clock_binding; global_white_noise_translation; source_timing_and_phase_connection_verification; target_calibration_and_noise_adequacy; single_band_dispersion_noise_policy,204f581b8dde5cbf0282946b63ee6812ba489abd9d42ae0e4a60e4e3b2446b1a,35d5dbcfa7c24bef8a47478979d81e9cbd682b41af4a2fb4534176f95e976acb
pulsars/J0846-3533,J0846-3533,pulsars,True,EXCLUDED_CURRENT_SCOPE,65,63,1174.7909656195754,834.411011,835.593994,578.079,True,True,span_below_1200_days,utmost_adapter_and_released_clock_binding; global_white_noise_translation; source_timing_and_phase_connection_verification; target_calibration_and_noise_adequacy; single_band_dispersion_noise_policy,7e20fdfedc2862e60ef5d74e73d317c0f5fa8879d73f5b0613f0354b47bee410,03e08e95a0775a1fe4f4063767fe54a69586066864630b0d40ad835e624c5f1d
pulsars/J0855-3331,J0855-3331,pulsars,True,EXCLUDED_CURRENT_SCOPE,76,62,1110.96014292409,834.486023,835.705017,645.7874999999999,True,True,span_below_1200_days,utmost_adapter_and_released_clock_binding; global_white_noise_translation; source_timing_and_phase_connection_verification; target_calibration_and_noise_adequacy; single_band_dispersion_noise_policy,58a2ff5e2ac1e3f7575602f909cd30c0ca7ad081935f6d3a887ea5d070b2869d,d35f52a35f4da10fc95a984c6d70f1adf45a26161adb0c79f03ae13c43d8ce52
pulsars/J0856-6137,J0856-6137,pulsars,True,CONDITIONAL_PREPARATION_CANDIDATE,48,44,1207.5150496605656,834.47699,835.599976,1238.221,True,False,,utmost_adapter_and_released_clock_binding; global_white_noise_translation; source_timing_and_phase_connection_verification; target_calibration_and_noise_adequacy; single_band_dispersion_noise_policy,45143dd711833dbd27a95ec5b15b8d99b45dc8796eb05724e023923594ff1c8c,07855cf07d3ab0016e1966e61b3b5901c8e513e5590b21c12d3fec9525fbca0e
pulsars/J0904-4246,J0904-4246,pulsars,True,EXCLUDED_CURRENT_SCOPE,50,49,1199.846981464068,834.518982,835.612976,1215.4015,True,True,span_below_1200_days,utmost_adapter_and_released_clock_binding; global_white_noise_translation; source_timing_and_phase_connection_verification; target_calibration_and_noise_adequacy; single_band_dispersion_noise_policy,3f229bbce8ab27c754c67866f221e4f63ec34491f845bb6d8bbbd4b33ffc46e6,602209752df5ae612183665cb68c46429294c72116050bf6f4359303bc300186
pulsars/J0904-7459,J0904-7459,pulsars,True,EXCLUDED_CURRENT_SCOPE,44,43,1060.0401076171936,834.39502,835.366028,1727.5205,True,True,span_below_1200_days,utmost_adapter_and_released_clock_binding; global_white_noise_translation; source_timing_and_phase_connection_verification; target_calibration_and_noise_adequacy; single_band_dispersion_noise_policy,094207ed7c69485283ffb2ca3c4944644ca0d9fb6783468c7dbbe507af3a22f6,444a84d97e39736361ff5248ca6a61ef0982b565df872bcae903388a74c5abf6
pulsars/J0907-5157,J0907-5157,pulsars,True,CONDITIONAL_PREPARATION_CANDIDATE,121,110,1246.5633512945315,833.971008,840.234009,238.604,True,False,,utmost_adapter_and_released_clock_binding; global_white_noise_translation; source_timing_and_phase_connection_verification; target_calibration_and_noise_adequacy; single_band_dispersion_noise_policy,66ec07c1027b97826f3546ccbcf333409910dc8a1be51261842886447025dcf5,f969f1702623b99fa3130eb0ccc212e13f41e821a68c691af6c1eb8024488287
pulsars/J0908-1739,J0908-1739,pulsars,True,EXCLUDED_CURRENT_SCOPE,37,33,1124.0922441550695,834.742004,835.684021,371.19,True,False,span_below_1200_days; fewer_than_40_observing_days,utmost_adapter_and_released_clock_binding; global_white_noise_translation; source_timing_and_phase_connection_verification; target_calibration_and_noise_adequacy; single_band_dispersion_noise_policy,df3b28b6d68ad5fe9fcb5a5d4991444701dbdef126af97e45470c743177e6b65,590e203acdcced7284b51fa38586ce5387e644db5d4aec3d3e068c33504f3847
pulsars/J0908-4913,J0908-4913,pulsars,True,CONDITIONAL_PREPARATION_CANDIDATE,173,152,1238.5602428963064,833.010986,840.22998,46.509,True,True,,utmost_adapter_and_released_clock_binding; global_white_noise_translation; source_timing_and_phase_connection_verification; target_calibration_and_noise_adequacy; single_band_dispersion_noise_policy,4d6dba995401f115f91d89272f521c3c83227d735153a44433ebde16a7d41a33,a017e7e138187f2921701bf42f8010b249e376cd87fa0fadc34e5da139b4397b
pulsars/J0909-7212,J0909-7212,pulsars,True,EXCLUDED_CURRENT_SCOPE,31,31,1122.037867310718,834.737,835.400024,1284.863,True,True,span_below_1200_days; fewer_than_40_observing_days,utmost_adapter_and_released_clock_binding; global_white_noise_translation; source_timing_and_phase_connection_verification; target_calibration_and_noise_adequacy; single_band_dispersion_noise_policy,4cac44d5766a441491e7e7faba86f38a999597abfa24104274c19a0c5a0907ab,e3f0d89a10d176c3185ea4f23b6ee923e83c9ce2f179ab4a87d97933aaf3e827
pulsars/J0922+0638,J0922+0638,pulsars,True,EXCLUDED_CURRENT_SCOPE,68,64,1076.1604101241408,834.765625,835.595704,265.42449999999997,True,False,span_below_1200_days,utmost_adapter_and_released_clock_binding; global_white_noise_translation; source_timing_and_phase_connection_verification; target_calibration_and_noise_adequacy; single_band_dispersion_noise_policy,ec2e5c24bbf553db9ab44bf24d93c867026b53674c4d94341f7457e908c76442,68bb56e40e1c48006e94e99fa0c6917ff2a52f631c217c76159b644f8a3dd0fa
pulsars/J0924-5302,J0924-5302,pulsars,True,EXCLUDED_CURRENT_SCOPE,137,109,1138.8532366370519,834.512024,835.466003,361.645,True,True,published_glitch_model; span_below_1200_days,utmost_adapter_and_released_clock_binding; global_white_noise_translation; source_timing_and_phase_connection_verification; target_calibration_and_noise_adequacy; single_band_dispersion_noise_policy,edbbf57029b69162b821cd6a4a6770dfb0e6afa343fd0a68fc6ac6be091c5bc6,e7ea5bf86c4cc751622228ead409c48ab09d75e68b145961d0b7e90109710553
pulsars/J0924-5814,J0924-5814,pulsars,True,CONDITIONAL_PREPARATION_CANDIDATE,72,65,1207.5504949233955,834.276001,835.473999,1566.8490000000002,True,False,,utmost_adapter_and_released_clock_binding; global_white_noise_translation; source_timing_and_phase_connection_verification; target_calibration_and_noise_adequacy; single_band_dispersion_noise_policy,feed12a30706639bfd7a13a1329acd28186166474d009d39f872088333cb243b,9331e0f169d2463030fe9070cdbba0cc65c96495b567df635a7e98a60d2cd655
pulsars/J0934-5249,J0934-5249,pulsars,True,EXCLUDED_CURRENT_SCOPE,152,118,1125.8807381062077,834.177979,835.492981,736.951,True,False,span_below_1200_days,utmost_adapter_and_released_clock_binding; global_white_noise_translation; source_timing_and_phase_connection_verification; target_calibration_and_noise_adequacy; single_band_dispersion_noise_policy,2b8d19d09d0c3b9fe6ae731d810d33bd9c170359838376125b8e452a9cde0d6f,1f76754b5e2425379fd35accca0fa3f5fe85772eb586e028805f27a803976160
pulsars/J0942-5552,J0942-5552,pulsars,True,EXCLUDED_CURRENT_SCOPE,150,125,1314.4006868106217,833.594971,840.234009,237.346,True,False,published_glitch_model,utmost_adapter_and_released_clock_binding; global_white_noise_translation; source_timing_and_phase_connection_verification; target_calibration_and_noise_adequacy; single_band_dispersion_noise_policy,e2400f353540ca88a26015b5d7df0fdf379744094411e4a1aca918a444c949c6,388f9288a84becc020a3080724edaf51ee73ce5688c7c9ec706e8e29d805553d
pulsars/J0942-5657,J0942-5657,pulsars,True,EXCLUDED_CURRENT_SCOPE,90,77,1131.8548022101584,834.0,835.471985,460.2905,True,True,span_below_1200_days,utmost_adapter_and_released_clock_binding; global_white_noise_translation; source_timing_and_phase_connection_verification; target_calibration_and_noise_adequacy; single_band_dispersion_noise_policy,48ab8a28714e56eb012bfa98a16a57d7552de1164372d7af8dafe8d502889553,4dee5906d0b6af4f977caa1a0f00378492d15ed7821ed57e59900f402845a752
pulsars/J0944-1354,J0944-1354,pulsars,True,EXCLUDED_CURRENT_SCOPE,61,60,1108.0044190253623,834.585999,835.580017,181.655,True,False,span_below_1200_days,utmost_adapter_and_released_clock_binding; global_white_noise_translation; source_timing_and_phase_connection_verification; target_calibration_and_noise_adequacy; single_band_dispersion_noise_policy,973c106ff5f966bc8f7cd88e35f350893577496a0813d98d013d7366fb5dcbdb,f90cf93a80aee91b976d34810b024e092c83d6f226b13647c91493da84dc5655
pulsars/J0953+0755,J0953+0755,pulsars,True,CONDITIONAL_PREPARATION_CANDIDATE,73,66,1320.2971810553274,832.939026,840.232971,26.006,True,True,,utmost_adapter_and_released_clock_binding; global_white_noise_translation; source_timing_and_phase_connection_verification; target_calibration_and_noise_adequacy; single_band_dispersion_noise_policy,94f6a03bf25f87d24a59eb553c2c49c6f94d0b49e548203b08bef3df39dc0e9f,bd74564b195331f25d684ed24e8fd9fd9b86a70bea09f518b547e66040b2a030
pulsars/J0955-5304,J0955-5304,pulsars,True,EXCLUDED_CURRENT_SCOPE,155,132,1161.7757253696784,834.367981,835.630981,249.432,True,True,span_below_1200_days,utmost_adapter_and_released_clock_binding; global_white_noise_translation; source_timing_and_phase_connection_verification; target_calibration_and_noise_adequacy; single_band_dispersion_noise_policy,36dfc745c6126bc2213a18389d755bf38187f5bed504e3d1fc630e1f7fc00644,390e5aca35a68e782333d32800811d985739ba4785e04c26740462e784c6f23b
pulsars/J0959-4809,J0959-4809,pulsars,True,EXCLUDED_CURRENT_SCOPE,78,64,1198.8109113789556,833.885986,835.586975,918.797,True,True,span_below_1200_days,utmost_adapter_and_released_clock_binding; global_white_noise_translation; source_timing_and_phase_connection_verification; target_calibration_and_noise_adequacy; single_band_dispersion_noise_policy,f96b016a78e2024e0d726b2e04bbe90d32d438263fe14c26802b7726464837b2,6134e90c36ab3558caedbd68cbdae4e4e7bf8c639d4c2fdaa36b25866567fd99
pulsars/J1001-5507,J1001-5507,pulsars,True,CONDITIONAL_PREPARATION_CANDIDATE,138,120,1316.3903732777394,833.515991,840.234009,192.484,True,False,,utmost_adapter_and_released_clock_binding; global_white_noise_translation; source_timing_and_phase_connection_verification; target_calibration_and_noise_adequacy; single_band_dispersion_noise_policy,57616b03644ca2f7bf6f2e30fb988ca7ebc7a6bc23af605266dc0a81e39611cd,84ab1fb15df4750b98d4844128262f5e300bc3f6703981ff23254edb4fe7701c
pulsars/J1003-4747,J1003-4747,pulsars,True,EXCLUDED_CURRENT_SCOPE,69,62,1115.023146325538,834.500977,835.505981,242.119,True,False,span_below_1200_days,utmost_adapter_and_released_clock_binding; global_white_noise_translation; source_timing_and_phase_connection_verification; target_calibration_and_noise_adequacy; single_band_dispersion_noise_policy,c2b2eace45cc5b0fa9b2d4e226c7fa571a182fd396a09b79927c018a52b653ca,45912e42761b813ba4cbc1684f9a2a8aa96fd147794611e455b11f8615724218
pulsars/J1012-5857,J1012-5857,pulsars,True,CONDITIONAL_PREPARATION_CANDIDATE,193,142,1321.2513751280164,834.247986,835.620972,940.383,True,True,,utmost_adapter_and_released_clock_binding; global_white_noise_translation; source_timing_and_phase_connection_verification; target_calibration_and_noise_adequacy; single_band_dispersion_noise_policy,eaf44c951a161df3c38b4b08ed82cfc3f08f32468491fe2bd8218a906838e39b,d682296109944959ec7b1c19b7343631b964eed6431550532a1c4925c5a7fe4a
pulsars/J1013-5934,J1013-5934,pulsars,True,CONDITIONAL_PREPARATION_CANDIDATE,132,102,1221.5909838012285,834.245972,835.616028,322.3115,True,True,,utmost_adapter_and_released_clock_binding; global_white_noise_translation; source_timing_and_phase_connection_verification; target_calibration_and_noise_adequacy; single_band_dispersion_noise_policy,b321041293c458b11702845d6992a557d3d8d8c518b8357a93d1cb5c7125a6a9,ec2c7307426dcadf8fb1d604d559fb4bb2494c6a76c58f36adffb2f4c3485aee
pulsars/J1016-5345,J1016-5345,pulsars,True,EXCLUDED_CURRENT_SCOPE,102,95,1118.8174813422952,834.734009,835.593018,617.7005,True,False,span_below_1200_days,utmost_adapter_and_released_clock_binding; global_white_noise_translation; source_timing_and_phase_connection_verification; target_calibration_and_noise_adequacy; single_band_dispersion_noise_policy,fdad78d454e33765c93cd6cd3473f3da24d0a84c6f651d9d05e6d90dde27e896,bb4b9b704cf0db6a3f9e221bdd22c71be874ff5fe839aaeeb43e47ba6abfe764
pulsars/J1017-5621,J1017-5621,pulsars,True,EXCLUDED_CURRENT_SCOPE,127,102,1129.838316663404,833.437988,835.440979,159.16,True,False,span_below_1200_days,utmost_adapter_and_released_clock_binding; global_white_noise_translation; source_timing_and_phase_connection_verification; target_calibration_and_noise_adequacy; single_band_dispersion_noise_policy,defa5e58561b3749f027d5ce0b9319bca271fca4cb2c4e311a0f25bd149040ab,33b00eafe7c95032aa047172451c6fc30f159c4ad3bcbbda07bf4e70a829601b
pulsars/J1017-7156,J1017-7156,pulsars,True,EXCLUDED_CURRENT_SCOPE,51,47,1202.5494782492417,834.083984,835.408997,8.747,True,False,known_binary_or_wide_companion,utmost_adapter_and_released_clock_binding; global_white_noise_translation; source_timing_and_phase_connection_verification; target_calibration_and_noise_adequacy; single_band_dispersion_noise_policy,6e9348ab4195dce1fbe15ba098c1c00bbf89051dfb1c9235092d18188a6d399e,96e4277229b4596743682e7a83eb83c654ccacc2759a5edf7b22b9241bd76bc5
pulsars/J1022+1001,J1022+1001,pulsars,True,EXCLUDED_CURRENT_SCOPE,39,34,1223.6542276379485,834.69397,835.609009,20.324,True,False,known_binary_or_wide_companion; fewer_than_40_observing_days,utmost_adapter_and_released_clock_binding; global_white_noise_translation; source_timing_and_phase_connection_verification; target_calibration_and_noise_adequacy; single_band_dispersion_noise_policy,872c1cf04586b1889ac893bfe97c6a84efefb0dc8ca30976eb8396a0b6f85457,501bd916342347c1b06c6c4f5a6a6d2eea7c38aaa273d5789e57cd150acb0c2f
pulsars/J1032-5911,J1032-5911,pulsars,True,EXCLUDED_CURRENT_SCOPE,152,93,895.5215936595132,834.570007,835.609009,829.5464999999999,False,False,span_below_1200_days,utmost_adapter_and_released_clock_binding; global_white_noise_translation; source_timing_and_phase_connection_verification; target_calibration_and_noise_adequacy; single_band_dispersion_noise_policy,6b00a4af5a676871d293b659bc0c30fdca682042cf760efcce4e78313cd2cd6b,90e359f39bbc2bcb3608765b4f146cead5c8e6fc446e5772d4a847471869ac83
pulsars/J1034-3224,J1034-3224,pulsars,True,CONDITIONAL_PREPARATION_CANDIDATE,41,40,1332.2713890583161,834.617981,840.234009,2119.861,True,False,,utmost_adapter_and_released_clock_binding; global_white_noise_translation; source_timing_and_phase_connection_verification; target_calibration_and_noise_adequacy; single_band_dispersion_noise_policy,9f44a908e9ff1676c46540566082af453f7b4fa86896f07a37a6b4efb4d8da3c,798ef0dfd3113839b1a1e48ddb5a3f56d1508477294aac3cf1ab05ac0916a039
pulsars/J1036-4926,J1036-4926,pulsars,True,EXCLUDED_CURRENT_SCOPE,30,29,840.7749125584729,834.755005,835.429993,625.7995000000001,True,True,span_below_1200_days; fewer_than_40_observing_days,utmost_adapter_and_released_clock_binding; global_white_noise_translation; source_timing_and_phase_connection_verification; target_calibration_and_noise_adequacy; single_band_dispersion_noise_policy,733a58c746ce72c645fd48a287d017bb4b5401f5859430bf4ea71c0cf6eca16d,d95fdea69aa941b4c214709c17855d7810de2011d00336876e97f138448e6996
pulsars/J1041-1942,J1041-1942,pulsars,True,EXCLUDED_CURRENT_SCOPE,34,34,1214.5915867457209,834.763,835.645996,908.8655,True,True,fewer_than_40_observing_days,utmost_adapter_and_released_clock_binding; global_white_noise_translation; source_timing_and_phase_connection_verification; target_calibration_and_noise_adequacy; single_band_dispersion_noise_policy,4c2133958d6c15d4372f259cdfa1b7f95f00a78f7f42b4df896647414d84e121,53c46cc52293bc6bd13d1132f840a1e967a2e13dfe4dda322519e25ee58077b6
pulsars/J1042-5521,J1042-5521,pulsars,True,EXCLUDED_CURRENT_SCOPE,101,84,1198.7569408224863,834.388,835.598022,1308.004,True,True,span_below_1200_days,utmost_adapter_and_released_clock_binding; global_white_noise_translation; source_timing_and_phase_connection_verification; target_calibration_and_noise_adequacy; single_band_dispersion_noise_policy,57baf4320eeb107fae63348dc293bb36e5632260dbaf91a4bd80d1c6a9b86933,e61c593a1411b73ee01b787addd8d8c73ec135a6357176ee51f892e25b622ae0
pulsars/J1043-6116,J1043-6116,pulsars,True,EXCLUDED_CURRENT_SCOPE,78,63,522.3757992917914,834.653992,835.609985,1050.4365,True,False,span_below_1200_days,utmost_adapter_and_released_clock_binding; global_white_noise_translation; source_timing_and_phase_connection_verification; target_calibration_and_noise_adequacy; single_band_dispersion_noise_policy,0460f25ec02ff39e327bf6794e48f685362100bb2f1c42488f4805727a638237,1dbc41f827aa51844120e0eedc20f2b5a5a39605db80f0f10b57c800e4bb704f
pulsars/J1045-4509,J1045-4509,pulsars,True,EXCLUDED_CURRENT_SCOPE,38,37,1179.7665681784008,834.11499,835.450989,35.773,True,False,known_binary_or_wide_companion; span_below_1200_days; fewer_than_40_observing_days,utmost_adapter_and_released_clock_binding; global_white_noise_translation; source_timing_and_phase_connection_verification; target_calibration_and_noise_adequacy; single_band_dispersion_noise_policy,ec4de35ec445ea88ca46e954b95776777bd906936f1bbb43ef38e0167356eb30,1c37a42b8ebbbada4b8abc0af726a440a40b1bae6de451b398f81bf37fccec60
pulsars/J1046-5813,J1046-5813,pulsars,True,EXCLUDED_CURRENT_SCOPE,193,146,1157.7043835084073,833.973999,835.73999,360.16,True,False,span_below_1200_days,utmost_adapter_and_released_clock_binding; global_white_noise_translation; source_timing_and_phase_connection_verification; target_calibration_and_noise_adequacy; single_band_dispersion_noise_policy,d7d06fc03a54fb4b315fa296016beeec81130b68c756b24093b78e6a16a3ba92,41e81372ae8a962f47751c0640faed450bf1eef86232b2e8995b88d84f426c55
pulsars/J1047-6709,J1047-6709,pulsars,True,EXCLUDED_CURRENT_SCOPE,39,36,866.8147307847371,834.478027,835.437012,270.932,True,True,span_below_1200_days; fewer_than_40_observing_days,utmost_adapter_and_released_clock_binding; global_white_noise_translation; source_timing_and_phase_connection_verification; target_calibration_and_noise_adequacy; single_band_dispersion_noise_policy,dcdf965573103307ed8cdad3fd3664b84a1f8ad013461fc741c0d33aa29f9de9,2ad32c42a75d720ee78efd89ee2c312bba57405ebd1380792dbd6b20c8417ca5
pulsars/J1048-5832,J1048-5832,pulsars,True,CONDITIONAL_PREPARATION_CANDIDATE,232,198,1224.5111296837056,834.231995,835.60199,137.443,True,True,,utmost_adapter_and_released_clock_binding; global_white_noise_translation; source_timing_and_phase_connection_verification; target_calibration_and_noise_adequacy; single_band_dispersion_noise_policy,f9a5075d07ff34026d52c0bd96127ff8dba2c8db51f299783d1fe85e654459fe,de7f3884a950dbbbee5a5f0855fda8897b88beec1294f579bb2529c12b96cfd6
pulsars/J1056-6258,J1056-6258,pulsars,True,CONDITIONAL_PREPARATION_CANDIDATE,198,170,1315.3965276732906,833.966003,840.234009,169.22050000000002,True,True,,utmost_adapter_and_released_clock_binding; global_white_noise_translation; source_timing_and_phase_connection_verification; target_calibration_and_noise_adequacy; single_band_dispersion_noise_policy,e2e87fae6f693ff1f92a6612f0203acae8821882bc1b74ff9f40c1d2bb592650,36874a2e41dbcf553a1e08a7b6adb75cef663cd1fc13579f52e3bc77c6c3b809
pulsars/J1057-5226,J1057-5226,pulsars,True,CONDITIONAL_PREPARATION_CANDIDATE,126,120,1288.4904340437536,833.971985,840.234009,129.39600000000002,True,True,,utmost_adapter_and_released_clock_binding; global_white_noise_translation; source_timing_and_phase_connection_verification; target_calibration_and_noise_adequacy; single_band_dispersion_noise_policy,6f95d49023f31ae59da658162c6675b036a65b37d1496bf9f6e8b4d127acff34,b6dc75399096f4fbf8b2468ac8fbbaf82df0a541231f0531c5f2a4602d5459e7
pulsars/J1057-7914,J1057-7914,pulsars,True,EXCLUDED_CURRENT_SCOPE,41,33,1011.1711759532492,834.424988,835.411987,1859.4,True,False,span_below_1200_days; fewer_than_40_observing_days,utmost_adapter_and_released_clock_binding; global_white_noise_translation; source_timing_and_phase_connection_verification; target_calibration_and_noise_adequacy; single_band_dispersion_noise_policy,5647940a3f1a0ad9cf248ed0f81b1ac48af25d72d6f2954b6f334dce724e562a,9f41d064dff52e27b3488318ce2b4dc233affba9066356eebd749a6efbb6ad67
pulsars/J1059-5742,J1059-5742,pulsars,True,EXCLUDED_CURRENT_SCOPE,178,145,1131.7634308041631,834.195007,835.731018,611.9775,True,True,span_below_1200_days,utmost_adapter_and_released_clock_binding; global_white_noise_translation; source_timing_and_phase_connection_verification; target_calibration_and_noise_adequacy; single_band_dispersion_noise_policy,4e0a63284b0fa9d2f36632909186da9209571617e4d756f2ac959120fbf377f3,da42e115df1ca9207c3f1397cf28621249112dc74708eb45d4da831b49441193
pulsars/J1105-6107,J1105-6107,pulsars,True,EXCLUDED_CURRENT_SCOPE,145,115,1062.1560200679316,834.367981,835.442017,95.895,True,True,span_below_1200_days,utmost_adapter_and_released_clock_binding; global_white_noise_translation; source_timing_and_phase_connection_verification; target_calibration_and_noise_adequacy; single_band_dispersion_noise_policy,2692617c40ef956bc5736efaf890c21f96198c42f985042a53d4ea147817ba4d,117bf90e984645c40c8f982bcc3bf3753ed8360fe13caf702bcb56328299b25c
pulsars/J1110-5637,J1110-5637,pulsars,True,EXCLUDED_CURRENT_SCOPE,130,120,1130.1231475153677,833.914978,835.60498,339.48199999999997,True,False,span_below_1200_days,utmost_adapter_and_released_clock_binding; global_white_noise_translation; source_timing_and_phase_connection_verification; target_calibration_and_noise_adequacy; single_band_dispersion_noise_policy,1375076530d24a8dba359dedec90f530a969d2b7f00b564cda394dcc0bafdfc3,5aa401c708f446499c1ae42c03f16ed1ffc0f1fbe02af4073757fb4747624407
pulsars/J1112-6613,J1112-6613,pulsars,True,EXCLUDED_CURRENT_SCOPE,96,73,1045.126043352256,834.325989,835.48999,483.796,True,True,span_below_1200_days,utmost_adapter_and_released_clock_binding; global_white_noise_translation; source_timing_and_phase_connection_verification; target_calibration_and_noise_adequacy; single_band_dispersion_noise_policy,109fad362f33c70bc57c808adb79fa986c4cee9315566b79bc4c3c34739c71ca,9422d56b337ce15be085e04dba8d43fcc7052a430689919de3c7124ca6be9a73
pulsars/J1112-6926,J1112-6926,pulsars,True,EXCLUDED_CURRENT_SCOPE,97,79,1146.8273941658674,833.921997,835.599976,1084.558,True,True,span_below_1200_days,utmost_adapter_and_released_clock_binding; global_white_noise_translation; source_timing_and_phase_connection_verification; target_calibration_and_noise_adequacy; single_band_dispersion_noise_policy,f7f4ef3f9177130082f6e7a962150badfa418c7752226d883b7da3f2338ba548,eb3cfaf45d2607c1e0dfc367bca5382647f06948813be2e72cce69e41cd3df9e
pulsars/J1114-6100,J1114-6100,pulsars,True,EXCLUDED_CURRENT_SCOPE,137,90,873.4419312141658,834.177979,835.440979,4729.501,True,True,span_below_1200_days,utmost_adapter_and_released_clock_binding; global_white_noise_translation; source_timing_and_phase_connection_verification; target_calibration_and_noise_adequacy; single_band_dispersion_noise_policy,73309abeaf45d2238b6319bd7b37834adb7cce9b582ff6080c2429823c0af638,f920706d5094a1202aadd99c9341e5d9ac91144a30e059e1d4b6f32f7ae87e6a
pulsars/J1116-4122,J1116-4122,pulsars,True,EXCLUDED_CURRENT_SCOPE,47,39,1257.5460347483993,834.588989,840.232971,360.725,True,True,fewer_than_40_observing_days,utmost_adapter_and_released_clock_binding; global_white_noise_translation; source_timing_and_phase_connection_verification; target_calibration_and_noise_adequacy; single_band_dispersion_noise_policy,9870f3c9cea34cfbfabc83c55d1a276651a89624e160e5e3f500ee1f9943750a,c45a2abb6505b8ca6a96b3db4f4a5afce19aaec10b94dbb40f99031d57a99048
pulsars/J1121-5444,J1121-5444,pulsars,True,EXCLUDED_CURRENT_SCOPE,117,97,1062.05218072609,834.143982,835.492004,318.837,True,True,span_below_1200_days,utmost_adapter_and_released_clock_binding; global_white_noise_translation; source_timing_and_phase_connection_verification; target_calibration_and_noise_adequacy; single_band_dispersion_noise_policy,ab43639944bb9ad9b4f637ae752ceef9174553b981919f53e161cf3523d2a4bb,334448a3d451117a39555104f861657b58b3ad24a77eae36a3cbeda28b49fa41
pulsars/J1123-6259,J1123-6259,pulsars,True,EXCLUDED_CURRENT_SCOPE,70,63,1066.9661413630129,834.732971,835.47699,1213.9895000000001,True,False,span_below_1200_days,utmost_adapter_and_released_clock_binding; global_white_noise_translation; source_timing_and_phase_connection_verification; target_calibration_and_noise_adequacy; single_band_dispersion_noise_policy,093907ed0bd55883dbcb83e32a921435f90b8dd4d05a61902f3deb93e9007283,605b3f72544d7c6325e29935f6d600cccb0345fbe5616c0983ade4a4b55c5bad
pulsars/J1126-6942,J1126-6942,pulsars,True,EXCLUDED_CURRENT_SCOPE,34,32,733.7946764797647,834.622986,835.481995,999.4615,False,False,span_below_1200_days; fewer_than_40_observing_days,utmost_adapter_and_released_clock_binding; global_white_noise_translation; source_timing_and_phase_connection_verification; target_calibration_and_noise_adequacy; single_band_dispersion_noise_policy,ba89e8073acef32627e1685d2d4380670118cecd42c464e125140cd775e1889d,108d6c0be9659031b84d510e756eb846c2debdcd88ab6b11c0b30e87c901887c
pulsars/J1133-6250,J1133-6250,pulsars,True,EXCLUDED_CURRENT_SCOPE,128,88,435.81022630164506,834.60498,835.487976,8036.141,True,True,span_below_1200_days,utmost_adapter_and_released_clock_binding; global_white_noise_translation; source_timing_and_phase_connection_verification; target_calibration_and_noise_adequacy; single_band_dispersion_noise_policy,10f8d97642f8f2914622b62fa32dc1da52dc0264b5034ac5e6d3241e8b65d13c,d98dd308b51a3088c627c63e04de4e2b5dd02396940face63baae96920af6c46
pulsars/J1136+1551,J1136+1551,pulsars,True,EXCLUDED_CURRENT_SCOPE,36,33,1291.4614770092908,834.098999,840.234009,124.80350000000001,True,True,fewer_than_40_observing_days,utmost_adapter_and_released_clock_binding; global_white_noise_translation; source_timing_and_phase_connection_verification; target_calibration_and_noise_adequacy; single_band_dispersion_noise_policy,2d9bd21b28333961c14559f97b59d3f11905641219e425e02f0ac8eeff8f5717,bc37a69e1304db8a89a9fed57003bec32e43399cc538ce8a5f54441a3aff197e
pulsars/J1136-5525,J1136-5525,pulsars,True,CONDITIONAL_PREPARATION_CANDIDATE,147,116,1258.5357042809414,834.065979,840.234009,306.173,True,True,,utmost_adapter_and_released_clock_binding; global_white_noise_translation; source_timing_and_phase_connection_verification; target_calibration_and_noise_adequacy; single_band_dispersion_noise_policy,cbb60e9c0629a37ea779400874669f3441ccbf0dc4014c2e98f807759cceacdb,6e145c12dc1495d6f185f30f3a68774ded6c50be7d09b332ec2fadd3996d64ea
pulsars/J1141-3322,J1141-3322,pulsars,True,EXCLUDED_CURRENT_SCOPE,51,45,1114.9270760210766,834.544983,835.560974,244.634,True,True,span_below_1200_days,utmost_adapter_and_released_clock_binding; global_white_noise_translation; source_timing_and_phase_connection_verification; target_calibration_and_noise_adequacy; single_band_dispersion_noise_policy,99209e0a3193c500baf75c23d9bea50e7df81b0d2daa4d8d8d2d603b5df1409c,b27dc59d644e56399419dae9f82ba5da3ac6f2353b1cc476ef3f83b0f0ab6486
pulsars/J1141-6545,J1141-6545,pulsars,True,EXCLUDED_CURRENT_SCOPE,273,236,1264.5650395340713,833.424988,840.234985,239.975,False,False,known_binary_or_wide_companion,utmost_adapter_and_released_clock_binding; global_white_noise_translation; source_timing_and_phase_connection_verification; target_calibration_and_noise_adequacy; single_band_dispersion_noise_policy,ffcd50a74a52f8fa43cc1f3f6a33d92f24a1ac7c0935fb21b8b7bb0ec484edc4,94fca4b17c4890fc822db626deed37421170a56788ba0313c40e96cf2b1c3f38
pulsars/J1146-6030,J1146-6030,pulsars,True,EXCLUDED_CURRENT_SCOPE,169,140,1194.5910882193593,834.137024,835.577026,208.683,True,False,span_below_1200_days,utmost_adapter_and_released_clock_binding; global_white_noise_translation; source_timing_and_phase_connection_verification; target_calibration_and_noise_adequacy; single_band_dispersion_noise_policy,90088c4e4ca53f2d5862cec22e705b02a4e1a565cb3031283ea99ccfdaf80c08,d2dc66b7cac9cd40010c7d568e9a15447001cf7c825b8c8b99798333cf5f7d6f
pulsars/J1157-6224,J1157-6224,pulsars,True,CONDITIONAL_PREPARATION_CANDIDATE,229,208,1264.5488575358886,833.10498,840.232971,129.478,True,False,,utmost_adapter_and_released_clock_binding; global_white_noise_translation; source_timing_and_phase_connection_verification; target_calibration_and_noise_adequacy; single_band_dispersion_noise_policy,851e90081a7c3eecb3745adaf35e46ce409e2f7ab36d83a8873462e3cc61147d,69a765450b6bfe274f311de7209f56586806f901ddaddfc30fcebd5aa393ae4b
pulsars/J1202-5820,J1202-5820,pulsars,True,CONDITIONAL_PREPARATION_CANDIDATE,134,130,1251.4741485206855,834.171021,840.232971,173.59199999999998,True,True,,utmost_adapter_and_released_clock_binding; global_white_noise_translation; source_timing_and_phase_connection_verification; target_calibration_and_noise_adequacy; single_band_dispersion_noise_policy,9c0bfb3feca06f080bf9ba88cb69e7ffa782ea38bdb75b6e6c7161b6a680cd80,752122f8bceb79260dbf9887dec29b07a34718c388cc31ca44f12ea8a749e8f0
pulsars/J1210-5559,J1210-5559,pulsars,True,CONDITIONAL_PREPARATION_CANDIDATE,158,136,1251.5040236285733,834.377014,840.232971,37.4805,True,False,,utmost_adapter_and_released_clock_binding; global_white_noise_translation; source_timing_and_phase_connection_verification; target_calibration_and_noise_adequacy; single_band_dispersion_noise_policy,40241e4e6c2077dc2b3a75c47bcacadb846a16014fa743299afbae4427cfb40d,4e63d1686c55d93e1c7af3c61ee629072df16a2c6500819484be3ff2b387052c
pulsars/J1224-6407,J1224-6407,pulsars,True,CONDITIONAL_PREPARATION_CANDIDATE,367,282,1264.544770541538,833.916016,840.232971,51.163,True,False,,utmost_adapter_and_released_clock_binding; global_white_noise_translation; source_timing_and_phase_connection_verification; target_calibration_and_noise_adequacy; single_band_dispersion_noise_policy,eb70e99b6cae75294302015d0f98addbe285c884d661a05328dd28466ddcf7a7,ec2bd7aef8255f5396da11bc5bfe183d1b62f645a11ba1b30f3926fbce118b49
pulsars/J1231-6303,J1231-6303,pulsars,True,CONDITIONAL_PREPARATION_CANDIDATE,79,69,1204.7808197817735,834.255005,835.468994,13083.413,False,False,,utmost_adapter_and_released_clock_binding; global_white_noise_translation; source_timing_and_phase_connection_verification; target_calibration_and_noise_adequacy; single_band_dispersion_noise_policy,66c0e85d46c51b3c9c71c77d2d0b04605d2d6032267c490bf65d91680e0f5a18,ffd3592e7cd181cac201cc9536e530b01cff48006a44b49d0eba293cd7ac1904
pulsars/J1239-6832,J1239-6832,pulsars,True,EXCLUDED_CURRENT_SCOPE,60,53,1120.962155893687,834.593994,835.455017,1266.347,True,True,span_below_1200_days,utmost_adapter_and_released_clock_binding; global_white_noise_translation; source_timing_and_phase_connection_verification; target_calibration_and_noise_adequacy; single_band_dispersion_noise_policy,d7fb9bebafd8bb19605db658b685b5fb7749ed540b4b9b7b2b8d7c611ed95d44,44bcb834a99cf23e677720307d45b0bae8455a8ee60f25721288f3ee931ab8d8
pulsars/J1243-6423,J1243-6423,pulsars,True,CONDITIONAL_PREPARATION_CANDIDATE,345,264,1292.4919771712202,833.90802,840.234009,15.169,True,False,,utmost_adapter_and_released_clock_binding; global_white_noise_translation; source_timing_and_phase_connection_verification; target_calibration_and_noise_adequacy; single_band_dispersion_noise_policy,c92b601e67d95f09ca571a4882474fb110a58b45ee74066b9b4242b7e3955782,ffa9d5f30d388bbd70d542455b84a07e7e9fb9685a61255d523a4e1e0355b7de
pulsars/J1253-5820,J1253-5820,pulsars,True,CONDITIONAL_PREPARATION_CANDIDATE,204,148,1205.7687345481447,834.129028,835.473999,177.377,True,False,,utmost_adapter_and_released_clock_binding; global_white_noise_translation; source_timing_and_phase_connection_verification; target_calibration_and_noise_adequacy; single_band_dispersion_noise_policy,e9b878ad7135b08d30bdbfff88047f205213821a21e28d9e84ab45a13ef0de8b,ec22e8e8d404f7a1cf14bc3d539734032ef9c0f1d04e3131ddc501c74388d605
pulsars/J1257-1027,J1257-1027,pulsars,False,EXCLUDED_CURRENT_SCOPE,39,36,1132.842241223028,834.757996,835.530029,322.992,True,False,span_below_1200_days; fewer_than_40_observing_days,utmost_adapter_and_released_clock_binding; global_white_noise_translation; source_timing_and_phase_connection_verification; target_calibration_and_noise_adequacy; single_band_dispersion_noise_policy,c5c32161c4e3c053dc42107bcc735663debb95d4e99c00402cbb62b58c614938,fe446afb758f7d99f4b373cd2ee8d5c5f73220e794412caaffb9286f8fcfa9f2
pulsars/J1259-6741,J1259-6741,pulsars,True,EXCLUDED_CURRENT_SCOPE,42,42,904.522806065502,834.56897,835.448975,670.4815,True,True,span_below_1200_days,utmost_adapter_and_released_clock_binding; global_white_noise_translation; source_timing_and_phase_connection_verification; target_calibration_and_noise_adequacy; single_band_dispersion_noise_policy,c4a31a23c8c49320d57a426a6bd37fa6f8bd974888fbedb0125a8d60bf56dfca,2d354e246b6900f6088a8cc27a85a2b086151ba1d1ce487aa2f35c5b008840b3
pulsars/J1305-6455,J1305-6455,pulsars,True,CONDITIONAL_PREPARATION_CANDIDATE,175,119,1235.5443548294493,834.51001,840.232971,517.849,True,False,,utmost_adapter_and_released_clock_binding; global_white_noise_translation; source_timing_and_phase_connection_verification; target_calibration_and_noise_adequacy; single_band_dispersion_noise_policy,37b133c5c915f1b2068b739e5f0298d83e89fc1bffb63c91fb014a8dcb92e843,657682ce670c057ad56efabaee10f7fbd1a365f66009e2e497b47818605a4ed2
pulsars/J1306-6617,J1306-6617,pulsars,True,CONDITIONAL_PREPARATION_CANDIDATE,125,95,1204.771294691345,834.551025,835.484985,1818.296,True,False,,utmost_adapter_and_released_clock_binding; global_white_noise_translation; source_timing_and_phase_connection_verification; target_calibration_and_noise_adequacy; single_band_dispersion_noise_policy,52d6465da3766d10a1b83dd932356e8126f362b6484ad8abc9a8abc532dedf69,e2b18aa91eeca73016662c3d80d72e8ad6d6ab5b08177e37c41c8194076492bc
pulsars/J1312-5402,J1312-5402,pulsars,True,EXCLUDED_CURRENT_SCOPE,36,33,1131.8731584163745,834.606018,835.453003,1984.1685000000002,False,False,span_below_1200_days; fewer_than_40_observing_days,utmost_adapter_and_released_clock_binding; global_white_noise_translation; source_timing_and_phase_connection_verification; target_calibration_and_noise_adequacy; single_band_dispersion_noise_policy,d955e1b2229cf1b55c28a5388d7333b801b38f365653e9dda71459b4560e8ced,3d991b83bdfc8a60c2b9b54f04912f74dc560724eff4135fb875f08f454e7973
pulsars/J1312-5516,J1312-5516,pulsars,True,EXCLUDED_CURRENT_SCOPE,98,89,1091.9213201406876,834.172974,835.572998,956.6310000000001,False,False,span_below_1200_days,utmost_adapter_and_released_clock_binding; global_white_noise_translation; source_timing_and_phase_connection_verification; target_calibration_and_noise_adequacy; single_band_dispersion_noise_policy,9f53ab75463745c85e8b858687dc1b420e2cc9fa18a16eb3bc4f3383299f5c09,099467e69df9b1bded4e34544e7f40eb71acd4ef1effb637a3a49e471d4dbe8d
pulsars/J1319-6056,J1319-6056,pulsars,True,EXCLUDED_CURRENT_SCOPE,199,164,1136.7013874282597,834.379028,835.512024,352.246,True,False,span_below_1200_days,utmost_adapter_and_released_clock_binding; global_white_noise_translation; source_timing_and_phase_connection_verification; target_calibration_and_noise_adequacy; single_band_dispersion_noise_policy,ee77e2e1e820e7e9948a97042ad76e11286e2977e4ebac8e0547ac3e35e1676f,673a8143d7ae3f5ec34b0060b0f253e784e221b41391c7da0e5b05e08c16aac3
pulsars/J1320-5359,J1320-5359,pulsars,True,CONDITIONAL_PREPARATION_CANDIDATE,129,121,1248.5951461524653,834.432983,840.234009,380.868,True,False,,utmost_adapter_and_released_clock_binding; global_white_noise_translation; source_timing_and_phase_connection_verification; target_calibration_and_noise_adequacy; single_band_dispersion_noise_policy,16f656f26a886a41ce2adb7a85613bff15c66e4a0b2d323b66c69c27e0fcc039,cd0ae9c0bed63932c43dbc5b406353fab9ee9221dcf9be57b1991047242617de
pulsars/J1326-5859,J1326-5859,pulsars,True,CONDITIONAL_PREPARATION_CANDIDATE,306,226,1292.4749799555916,833.744995,840.234009,129.853,True,False,,utmost_adapter_and_released_clock_binding; global_white_noise_translation; source_timing_and_phase_connection_verification; target_calibration_and_noise_adequacy; single_band_dispersion_noise_policy,9a7e8ce09a7ce67909c001cf2086e2ba8cc13374999866ce1c9542acc8239ecd,15332d9ca7acb5b782ceabc8059e3c933712dd25e7a9ceaaae63d52811473b1a
pulsars/J1326-6408,J1326-6408,pulsars,True,EXCLUDED_CURRENT_SCOPE,161,133,1015.1373651769777,834.497009,835.53302,307.909,True,True,span_below_1200_days,utmost_adapter_and_released_clock_binding; global_white_noise_translation; source_timing_and_phase_connection_verification; target_calibration_and_noise_adequacy; single_band_dispersion_noise_policy,1c551a03a93a7ef719887a821e034d9b7cd9db2f9dbd33ae76742622e8ff8dfa,19e5f6ca194f80e813f68a9e9ad47f8285ed05b5ec25ff588256c5e2dc8561db
pulsars/J1326-6700,J1326-6700,pulsars,True,CONDITIONAL_PREPARATION_CANDIDATE,132,118,1261.5286422283148,833.963989,840.234009,571.8875,True,True,,utmost_adapter_and_released_clock_binding; global_white_noise_translation; source_timing_and_phase_connection_verification; target_calibration_and_noise_adequacy; single_band_dispersion_noise_policy,6b4560c636f72541e8422959a28d5234789c3be09d6b75f45601662fe6782781,9a8ab82680028ce14e02cf39d0fb64e7c6759baf08f4aa566102562015a7aa61
pulsars/J1327-6222,J1327-6222,pulsars,True,CONDITIONAL_PREPARATION_CANDIDATE,308,254,1292.454783165161,833.640015,840.234009,90.172,True,False,,utmost_adapter_and_released_clock_binding; global_white_noise_translation; source_timing_and_phase_connection_verification; target_calibration_and_noise_adequacy; single_band_dispersion_noise_policy,951da6a7520b0ded557d79c11c226ffade1a7b5f1cdeb60616c49489867b437b,f8f490d9314e29352e4aebb3189cf36bfaf47028f4e4113a25ac1799ffdaa517
pulsars/J1327-6301,J1327-6301,pulsars,True,CONDITIONAL_PREPARATION_CANDIDATE,238,169,1215.6013382589547,834.156982,835.619019,407.9095,True,False,,utmost_adapter_and_released_clock_binding; global_white_noise_translation; source_timing_and_phase_connection_verification; target_calibration_and_noise_adequacy; single_band_dispersion_noise_policy,ba7930587ee68b7b204868ad39c698eb78d937617238c3eb183f9ede514c6737,656e4ea7fa6a83d1bb1c7b41f5562e1df921e214fd74e6eccdd238ab5c47ee36
pulsars/J1328-4357,J1328-4357,pulsars,True,EXCLUDED_CURRENT_SCOPE,93,85,1065.9924125890948,834.070007,836.018982,405.188,True,False,span_below_1200_days,utmost_adapter_and_released_clock_binding; global_white_noise_translation; source_timing_and_phase_connection_verification; target_calibration_and_noise_adequacy; single_band_dispersion_noise_policy,160a73673c048da57ff64157067e778b7b5c5bc7a571cacfa67a46c1a7a70f41,e182a4b5df6918e77911387889c69830803388eced893f7ae1b9cd1c0ae29f13
pulsars/J1338-6204,J1338-6204,pulsars,True,EXCLUDED_CURRENT_SCOPE,198,154,878.6072475838786,834.125,835.497009,9043.2295,True,True,span_below_1200_days,utmost_adapter_and_released_clock_binding; global_white_noise_translation; source_timing_and_phase_connection_verification; target_calibration_and_noise_adequacy; single_band_dispersion_noise_policy,ddb385c0d476d8dffc97da521d35c84dbd28bc1b5ef9149e16543d45a25e10ca,be77fcc7cd69fe95e781f72fc7c1634d8ea5a060f16353234e44d73e13a7174c
pulsars/J1350-5115,J1350-5115,pulsars,True,EXCLUDED_CURRENT_SCOPE,95,64,865.6024533872074,834.427002,835.460999,333.873,False,False,span_below_1200_days,utmost_adapter_and_released_clock_binding; global_white_noise_translation; source_timing_and_phase_connection_verification; target_calibration_and_noise_adequacy; single_band_dispersion_noise_policy,b7693fcfaa852bbd95946af8d12bf1da51e8b01eb21061a5260335270dc7c114,6d845efa7655c0015eaef0af0213cd8a31fe22df0d293ffee2653db30a177caf
pulsars/J1355-5153,J1355-5153,pulsars,True,EXCLUDED_CURRENT_SCOPE,123,106,1136.8017969665088,834.288025,835.549988,256.559,False,False,span_below_1200_days,utmost_adapter_and_released_clock_binding; global_white_noise_translation; source_timing_and_phase_connection_verification; target_calibration_and_noise_adequacy; single_band_dispersion_noise_policy,25e6b05872c5652f800b3c0698d080ca4ec4052cebfc7098c8342351961fba35,3b00f48f9d0f623ef11dd10244d694982990ce5168caf4e620103fc43e523e06
pulsars/J1356-5521,J1356-5521,pulsars,True,EXCLUDED_CURRENT_SCOPE,31,27,851.716916502508,834.656982,835.478027,1694.501,True,False,span_below_1200_days; fewer_than_40_observing_days,utmost_adapter_and_released_clock_binding; global_white_noise_translation; source_timing_and_phase_connection_verification; target_calibration_and_noise_adequacy; single_band_dispersion_noise_policy,5045b3f43dcc1966f4aae89f915d9775e2b5e7a6e8e03ead6812083d1c00b9d0,c2b1e93c9ab27ca70cb135d4e2789dd4d20005fa775fc0a1ab206e33ac0ec4d3
pulsars/J1359-6038,J1359-6038,pulsars,True,CONDITIONAL_PREPARATION_CANDIDATE,429,309,1262.5516676371637,833.721985,840.234009,37.447,True,True,,utmost_adapter_and_released_clock_binding; global_white_noise_translation; source_timing_and_phase_connection_verification; target_calibration_and_noise_adequacy; single_band_dispersion_noise_policy,e5642cb6877f4ef89a8bc3e1ba7509f7c4d26d79149d2f81378b61585f753a03,e49bf5668f88ee20ac731466a221cf12b9f0dba4a319f22918f26503ef505a9f
pulsars/J1401-6357,J1401-6357,pulsars,True,CONDITIONAL_PREPARATION_CANDIDATE,245,203,1266.533046383818,833.017029,840.234009,147.372,True,False,,utmost_adapter_and_released_clock_binding; global_white_noise_translation; source_timing_and_phase_connection_verification; target_calibration_and_noise_adequacy; single_band_dispersion_noise_policy,cb9ece144b370f93271f9943d89c8f2b53e8edafb94513886adf68ee9d0136e5,a6a7ba0ad5fb35fd4b797d8bd3b18fbdf14c82c1dee9c487ea44cdf03f1b15d0
pulsars/J1413-6307,J1413-6307,pulsars,True,EXCLUDED_CURRENT_SCOPE,152,141,865.6560499747973,833.981018,835.518005,368.352,True,True,span_below_1200_days,utmost_adapter_and_released_clock_binding; global_white_noise_translation; source_timing_and_phase_connection_verification; target_calibration_and_noise_adequacy; single_band_dispersion_noise_policy,65597bab3278756b073e4ece2edba0eea334a9966eee6570b2c402750ba7a29c,99441c7f9519dab3b15a809cf31f35cfd87d08704f59ce21769c7784131da22d
pulsars/J1418-3921,J1418-3921,pulsars,True,CONDITIONAL_PREPARATION_CANDIDATE,57,55,1291.5242135761607,834.460022,835.588013,1780.049,True,False,,utmost_adapter_and_released_clock_binding; global_white_noise_translation; source_timing_and_phase_connection_verification; target_calibration_and_noise_adequacy; single_band_dispersion_noise_policy,c8091799bd15bc66565a2e765038c60ddc68ce9b48cb1941aef1f48f61eef39a,fb701c610c3bd63f28d32228a9242c24416278c91cc447b00e7ed46e1442f746
pulsars/J1420-5416,J1420-5416,pulsars,True,EXCLUDED_CURRENT_SCOPE,74,69,1097.981770299677,834.549988,835.453979,1168.777,False,False,span_below_1200_days,utmost_adapter_and_released_clock_binding; global_white_noise_translation; source_timing_and_phase_connection_verification; target_calibration_and_noise_adequacy; single_band_dispersion_noise_policy,343527f173d896aeb15e07be2b824b01074aee91a307f0981e746ff74612e136,9fe99ffca30345c7ff1566db74996f259272c967dac974beccdcb9093ae2c1cf
pulsars/J1424-5822,J1424-5822,pulsars,True,EXCLUDED_CURRENT_SCOPE,188,120,444.7802985354118,834.138977,835.554016,1111.2785,True,False,span_below_1200_days,utmost_adapter_and_released_clock_binding; global_white_noise_translation; source_timing_and_phase_connection_verification; target_calibration_and_noise_adequacy; single_band_dispersion_noise_policy,0384d0fc279546e1b18a61b142abb5527b38b311d8018b71713e94ffcce8092e,bfdec9c70061fe17e11d81cf4361b21fc17e7b66603e04c72b975be488d64079
pulsars/J1428-5530,J1428-5530,pulsars,True,CONDITIONAL_PREPARATION_CANDIDATE,168,156,1305.4266739040245,834.492004,840.234009,257.3045,True,True,,utmost_adapter_and_released_clock_binding; global_white_noise_translation; source_timing_and_phase_connection_verification; target_calibration_and_noise_adequacy; single_band_dispersion_noise_policy,b4f11a6c1f186cb409874a6ad493a54a2c0bbaf6bfbf83e3fd304d64e0949687,80d274f6c0a8609cbc4827d04761a844b486ae2ac14bc86bb24c6246b5ce608f
pulsars/J1430-6623,J1430-6623,pulsars,True,CONDITIONAL_PREPARATION_CANDIDATE,170,159,1271.5392153180896,833.80603,840.234009,44.908,True,False,,utmost_adapter_and_released_clock_binding; global_white_noise_translation; source_timing_and_phase_connection_verification; target_calibration_and_noise_adequacy; single_band_dispersion_noise_policy,425d3e7853713eef4196bb89c9b97d652f6464342acac342d04290c3a221efef,3bac41bea1696761afa4ba7bf705bcf1af6b794f364ae6d955d66ba9b75812d1
pulsars/J1435-5954,J1435-5954,pulsars,True,CONDITIONAL_PREPARATION_CANDIDATE,254,183,1244.6513064911683,834.11499,835.760986,1744.9605000000001,True,False,,utmost_adapter_and_released_clock_binding; global_white_noise_translation; source_timing_and_phase_connection_verification; target_calibration_and_noise_adequacy; single_band_dispersion_noise_policy,5c1d6f3ce63c087841243e3b0c39fb75e89a543ba21fa65c3dbe701e62957bc8,db6f56454ce17cb2ed5cd41017b035ea607ec7b7c1c18cd8eadc06064c28d6a4
pulsars/J1452-6036,J1452-6036,pulsars,False,EXCLUDED_CURRENT_SCOPE,152,116,471.7046861498392,834.315002,835.642029,1479.3465,True,False,span_below_1200_days,utmost_adapter_and_released_clock_binding; global_white_noise_translation; source_timing_and_phase_connection_verification; target_calibration_and_noise_adequacy; single_band_dispersion_noise_policy,341aaecb8677b102ea8bc125ea8fec1d602527ab4b89f3a7e2ec29b848cc519e,5166a536af1ea0f9f1b97e50bed15e6311cb72c8bff9703f57ef9c27b04024c5
pulsars/J1453-6413,J1453-6413,pulsars,True,CONDITIONAL_PREPARATION_CANDIDATE,234,218,1269.602529876619,833.739014,840.234009,21.85,True,False,,utmost_adapter_and_released_clock_binding; global_white_noise_translation; source_timing_and_phase_connection_verification; target_calibration_and_noise_adequacy; single_band_dispersion_noise_policy,f933e679817910ab5e5630285615d9d157982a087228004ee81caaa0b41ec7ed,cae475992b269029186a9d5385d8a54552fb8517422e669a050e073d836d53e5
pulsars/J1456-6843,J1456-6843,pulsars,True,CONDITIONAL_PREPARATION_CANDIDATE,119,108,1500.9141852970786,833.77301,840.234009,72.101,True,True,,utmost_adapter_and_released_clock_binding; global_white_noise_translation; source_timing_and_phase_connection_verification; target_calibration_and_noise_adequacy; single_band_dispersion_noise_policy,ab4f0f82ffb4dec9bbbcf596d01020637e00cece177a5b6def4130080cfadca7,3b8b840ee10319891018a0c72f5e4d8ced8e2e184dec0f11054c448b0686a63b
pulsars/J1457-5122,J1457-5122,pulsars,True,EXCLUDED_CURRENT_SCOPE,39,36,1079.8155098559612,834.737,835.468994,843.504,False,False,span_below_1200_days; fewer_than_40_observing_days,utmost_adapter_and_released_clock_binding; global_white_noise_translation; source_timing_and_phase_connection_verification; target_calibration_and_noise_adequacy; single_band_dispersion_noise_policy,b9f7110e6c151b161a2edcbc6583815aef057e7bdf76ca6d774fbb50f0c76095,0ff010611d5cfd87f63559cabac4276f2ff47005ccea35490eea55641f966f95
pulsars/J1507-4352,J1507-4352,pulsars,True,EXCLUDED_CURRENT_SCOPE,56,53,1130.8572928560973,834.184998,835.508972,145.0885,True,True,span_below_1200_days,utmost_adapter_and_released_clock_binding; global_white_noise_translation; source_timing_and_phase_connection_verification; target_calibration_and_noise_adequacy; single_band_dispersion_noise_policy,66f2a0040c73f737b10ff5c1ad81a34db44ed832c9ec40a9ee37b4f6553aae1f,8dd4ddfbec99778f3d8de6268a9dd86ab7f588e3611b64937054e036e8215841
pulsars/J1507-6640,J1507-6640,pulsars,True,EXCLUDED_CURRENT_SCOPE,111,107,1057.0562498393874,833.437012,835.585999,111.128,True,False,span_below_1200_days,utmost_adapter_and_released_clock_binding; global_white_noise_translation; source_timing_and_phase_connection_verification; target_calibration_and_noise_adequacy; single_band_dispersion_noise_policy,fe1034915cd46e2e13f955c807cadc14ab2282fc6971d6c6008dfa0f368e3746,e283178a9075231e87fc809676de8a65e4f06ea2c426f44369780e8f5ab8ba1d
pulsars/J1511-5414,J1511-5414,pulsars,True,EXCLUDED_CURRENT_SCOPE,101,65,445.7784488878252,834.302979,835.58197,384.287,True,False,span_below_1200_days,utmost_adapter_and_released_clock_binding; global_white_noise_translation; source_timing_and_phase_connection_verification; target_calibration_and_noise_adequacy; single_band_dispersion_noise_policy,68ced70506e3ced11dab4bf51cc6e55997cc01ddfa95ba192219a3d32652dfc1,4ef6b0b693994a673516a61239468b50ee7b6a78a240c06da127d869f80b47cd
pulsars/J1512-5759,J1512-5759,pulsars,True,EXCLUDED_CURRENT_SCOPE,177,166,1137.945138847847,833.078003,835.481995,471.954,False,False,span_below_1200_days,utmost_adapter_and_released_clock_binding; global_white_noise_translation; source_timing_and_phase_connection_verification; target_calibration_and_noise_adequacy; single_band_dispersion_noise_policy,80c9811a32f3f70db8097e96ee590a9d278d814688ade234feae5bfa1e486109,e684f4e2e4eb39320962840f0def5f170fda50bb0c19fd293a214ed85423d91d
pulsars/J1514-4834,J1514-4834,pulsars,True,EXCLUDED_CURRENT_SCOPE,50,49,908.666095929588,833.044983,835.578003,266.7265,True,True,span_below_1200_days,utmost_adapter_and_released_clock_binding; global_white_noise_translation; source_timing_and_phase_connection_verification; target_calibration_and_noise_adequacy; single_band_dispersion_noise_policy,daa7cfe09f930599444cb0ec0e90d793e2c6cbcccb124e2f898399769353235c,b49554db3fc2db7aab8c4bf6d4bf71a4f3f14ac4b63de290e61dd81dbe88cc77
pulsars/J1522-5829,J1522-5829,pulsars,True,EXCLUDED_CURRENT_SCOPE,187,166,1141.818816387619,833.814026,835.474976,369.757,True,False,span_below_1200_days,utmost_adapter_and_released_clock_binding; global_white_noise_translation; source_timing_and_phase_connection_verification; target_calibration_and_noise_adequacy; single_band_dispersion_noise_policy,d74eaf33f779fcb68b5d848f8e59d4f2f1cfebd2fa99279f10f4d8d15d630b34,b85968fd5353e0c462899f996e0f427b396a285c847db2724a4b83e8009e69e8
pulsars/J1527-3931,J1527-3931,pulsars,True,EXCLUDED_CURRENT_SCOPE,36,32,1141.8061524878055,834.752991,835.500977,1284.1275,False,False,span_below_1200_days; fewer_than_40_observing_days,utmost_adapter_and_released_clock_binding; global_white_noise_translation; source_timing_and_phase_connection_verification; target_calibration_and_noise_adequacy; single_band_dispersion_noise_policy,75c6d59bede0f0308fce9e185083ca1cd971dcf2e1a8aa9da6e11714e5745cc5,d2055a63818406f8e899c693719081c822c0e6ce487e5097a128d980cf0b7e45
pulsars/J1527-5552,J1527-5552,pulsars,True,EXCLUDED_CURRENT_SCOPE,134,108,1141.8131813892726,834.109985,835.638977,459.5045,True,False,span_below_1200_days,utmost_adapter_and_released_clock_binding; global_white_noise_translation; source_timing_and_phase_connection_verification; target_calibration_and_noise_adequacy; single_band_dispersion_noise_policy,8867b89fa1a7e21de3332886e6c49ea59166cd75f04cffba47e2f431ead904c5,bbc384276c5c75e92f29041fcb92650e6b9f9a0a7cf828fd79366e7e120f1eae
pulsars/J1528-3146,J1528-3146,pulsars,True,EXCLUDED_CURRENT_SCOPE,25,22,1086.9826439344906,834.760986,835.60199,103.695,False,False,known_binary_or_wide_companion; span_below_1200_days; fewer_than_40_observing_days,utmost_adapter_and_released_clock_binding; global_white_noise_translation; source_timing_and_phase_connection_verification; target_calibration_and_noise_adequacy; single_band_dispersion_noise_policy,640681978873d2d705bb98b844b23fff48b72a35fd5c1145bfaaea4c49c10bc8,33c0c46d3dbce6825d593c9bb3bfa9422f34baa8d0dc753f1cc84c4166486eb2
pulsars/J1534-5334,J1534-5334,pulsars,True,CONDITIONAL_PREPARATION_CANDIDATE,231,208,1293.4579673576266,833.176025,840.234009,245.503,True,False,,utmost_adapter_and_released_clock_binding; global_white_noise_translation; source_timing_and_phase_connection_verification; target_calibration_and_noise_adequacy; single_band_dispersion_noise_policy,5125e4f7a43d82c0fac48c1490cc6a33ca09d76723c640f00b8c98d2114c4ddf,95e555f168ab72b849ec63e9d1470e37fae5737a08871733ffbcd116ce5c7fde
pulsars/J1534-5405,J1534-5405,pulsars,True,EXCLUDED_CURRENT_SCOPE,100,76,866.7783317029089,833.922974,835.65802,605.8074999999999,True,False,span_below_1200_days,utmost_adapter_and_released_clock_binding; global_white_noise_translation; source_timing_and_phase_connection_verification; target_calibration_and_noise_adequacy; single_band_dispersion_noise_policy,8dce9067d6ab63df461db3868b7980c978a44f6bf0eb4da017ec70e92aac847d,868a716e391c84d1cc4c2e63662a22bd15a518ce669e0961be038b86a4eb412e
pulsars/J1539-5626,J1539-5626,pulsars,True,EXCLUDED_CURRENT_SCOPE,179,157,1113.7632574123538,833.039001,835.580994,609.233,True,False,span_below_1200_days,utmost_adapter_and_released_clock_binding; global_white_noise_translation; source_timing_and_phase_connection_verification; target_calibration_and_noise_adequacy; single_band_dispersion_noise_policy,c9a4a21d084191bd88fcec2950bd68ebae40c79fbf4c68d279d531b129b2326d,429cb97b023c6f61f296bb7b2e052eee7855ca7ae744daf63b75d4f98006b30a
pulsars/J1542-5034,J1542-5034,pulsars,True,EXCLUDED_CURRENT_SCOPE,59,51,851.8092925966331,834.112,835.609985,775.489,True,True,span_below_1200_days,utmost_adapter_and_released_clock_binding; global_white_noise_translation; source_timing_and_phase_connection_verification; target_calibration_and_noise_adequacy; single_band_dispersion_noise_policy,caad8b2e25c582da465bce2101fd3f646bccfec06222817779a252ac421a1e46,d4d0ec8517f684b15aecf66155f9b171402db9491e100c140c6342f06566728e
pulsars/J1543+0929,J1543+0929,pulsars,True,EXCLUDED_CURRENT_SCOPE,28,27,981.2731247124287,834.664978,835.80603,1390.711,True,True,span_below_1200_days; fewer_than_40_observing_days,utmost_adapter_and_released_clock_binding; global_white_noise_translation; source_timing_and_phase_connection_verification; target_calibration_and_noise_adequacy; single_band_dispersion_noise_policy,b384c0c620bcc875108a1fd178133e3595f7f538c53031407010c1570b9f21a6,ccc9d679f92192288177773e310beeef83306e38ae8a9ebaa42da9a0c5432b61
pulsars/J1544-5308,J1544-5308,pulsars,True,CONDITIONAL_PREPARATION_CANDIDATE,164,154,1276.4782981370754,833.906982,840.232971,121.39349999999999,True,False,,utmost_adapter_and_released_clock_binding; global_white_noise_translation; source_timing_and_phase_connection_verification; target_calibration_and_noise_adequacy; single_band_dispersion_noise_policy,2864c1249e99e97aafb1ad7ed3ab5bc79521dfcb9e448acb5e3b9dd0b7b76071,75037dfa9a181feb55961deb8ed9c2debd50c07c78facc12b6cf3f9a2345b1d0
pulsars/J1549-4848,J1549-4848,pulsars,True,EXCLUDED_CURRENT_SCOPE,44,40,521.4584619661393,834.776001,835.531006,441.339,True,True,span_below_1200_days,utmost_adapter_and_released_clock_binding; global_white_noise_translation; source_timing_and_phase_connection_verification; target_calibration_and_noise_adequacy; single_band_dispersion_noise_policy,a6f6c8f0ef44dd9a461aa0e35db4216c5162a4befa15b6bd9b4357ca2b4dd5ab,29620f021311a90448a48d17688a5f86b3cbaf357aff19682253b47ded0fdf01
pulsars/J1553-5456,J1553-5456,pulsars,True,EXCLUDED_CURRENT_SCOPE,73,57,431.81570653699333,834.549011,835.85498,800.735,False,False,span_below_1200_days,utmost_adapter_and_released_clock_binding; global_white_noise_translation; source_timing_and_phase_connection_verification; target_calibration_and_noise_adequacy; single_band_dispersion_noise_policy,b8319549361c5b727d12718e6585a4035d87573066366829952badf7bc08b48e,aac766ef538d884f0d9fa0dbf0160500640ebcd96d8fcd0869f706f7305d3f0b
pulsars/J1555-3134,J1555-3134,pulsars,True,EXCLUDED_CURRENT_SCOPE,49,41,1134.8275227897766,833.041016,835.593018,319.805,True,False,span_below_1200_days,utmost_adapter_and_released_clock_binding; global_white_noise_translation; source_timing_and_phase_connection_verification; target_calibration_and_noise_adequacy; single_band_dispersion_noise_policy,a1b74884b57ba2e7bd0e5d057d9fd2d0205a40f920249afc997e0dad0543faa0,f4c33a90056e2de2855f779294a9ab972e69ba6159110a88ec58e40c53510ff6
pulsars/J1557-4258,J1557-4258,pulsars,True,CONDITIONAL_PREPARATION_CANDIDATE,90,84,1261.540503926083,832.991028,840.234009,103.132,True,False,,utmost_adapter_and_released_clock_binding; global_white_noise_translation; source_timing_and_phase_connection_verification; target_calibration_and_noise_adequacy; single_band_dispersion_noise_policy,d2feb90a7702fbed1a1058e109957cb3a14888a5a4c000c6499703a434428823,11b513ad85085628b43ddb24bae27fa4487a5302ce0e339b9a3abb6cb806dac7
pulsars/J1559-4438,J1559-4438,pulsars,True,CONDITIONAL_PREPARATION_CANDIDATE,66,62,1201.7070701503299,832.995972,840.234009,46.5195,True,False,,utmost_adapter_and_released_clock_binding; global_white_noise_translation; source_timing_and_phase_connection_verification; target_calibration_and_noise_adequacy; single_band_dispersion_noise_policy,442af8185825c054e50c2ea4bcba0922a06c3d5e79fbb7f5d9593bf1dbe1e0b2,5a94c77800679e855d5ad4fc4af1a19f0fbfa76c55df53825759e5f82342a8a0
pulsars/J1559-5545,J1559-5545,pulsars,True,EXCLUDED_CURRENT_SCOPE,87,72,1244.607586045767,834.052979,840.232971,751.082,False,False,published_glitch_model,utmost_adapter_and_released_clock_binding; global_white_noise_translation; source_timing_and_phase_connection_verification; target_calibration_and_noise_adequacy; single_band_dispersion_noise_policy,9d6dd080697349c9a8ab778147bf39654ac6d066cb0d417173b3891d534432bb,004ddfb2b625b04f297b7a81761e570f14bc5247bfd51def33a892ed6e61eba2
pulsars/J1600-3053,J1600-3053,pulsars,True,EXCLUDED_CURRENT_SCOPE,32,30,1208.792282570402,834.700989,835.609009,14.3645,True,False,known_binary_or_wide_companion; fewer_than_40_observing_days,utmost_adapter_and_released_clock_binding; global_white_noise_translation; source_timing_and_phase_connection_verification; target_calibration_and_noise_adequacy; single_band_dispersion_noise_policy,a6e034e1d441186ce4b06a17c6fe6856ab8013890e3d9d0c1048508935f9bc16,aff01d14a73a4328e0a2a2b87cc89f073e8760e88eaea00d0eaf0c59bfa39417
pulsars/J1600-5044,J1600-5044,pulsars,True,CONDITIONAL_PREPARATION_CANDIDATE,175,157,1291.5013825378658,834.140991,840.234009,165.119,True,True,,utmost_adapter_and_released_clock_binding; global_white_noise_translation; source_timing_and_phase_connection_verification; target_calibration_and_noise_adequacy; single_band_dispersion_noise_policy,c9cecfe1259b1336dd697682ad50a544e833b5d5e48dbea6f21119b352e13ba9,a0d4be8760f779aebc06b6da1d89ea0a50c85138ddf714534ec5920ddb6b5f07
pulsars/J1603-2531,J1603-2531,pulsars,True,EXCLUDED_CURRENT_SCOPE,29,28,1198.7500703343362,834.583008,835.601013,143.23,False,False,span_below_1200_days; fewer_than_40_observing_days,utmost_adapter_and_released_clock_binding; global_white_noise_translation; source_timing_and_phase_connection_verification; target_calibration_and_noise_adequacy; single_band_dispersion_noise_policy,cdea7c887689ba552ac1d81bd984451798ed96ae27fbb8f4f6ca497802265c43,8946013008ada3c6e5db4af3760566c6557ac4b09e6c6815662116900199b0f2
pulsars/J1603-2712,J1603-2712,pulsars,True,EXCLUDED_CURRENT_SCOPE,29,26,1067.0022115238878,833.195007,835.585022,569.85,True,True,span_below_1200_days; fewer_than_40_observing_days,utmost_adapter_and_released_clock_binding; global_white_noise_translation; source_timing_and_phase_connection_verification; target_calibration_and_noise_adequacy; single_band_dispersion_noise_policy,7d8db757a9604d664fff4ce9b105c1a823746eef5ddfbc7217681adbdfd91d8c,d9c6f9458e5b54b674d9bfbc94d7edb55abc0e9851c2e8d0f7be4007c27cba7c
pulsars/J1603-7202,J1603-7202,pulsars,True,EXCLUDED_CURRENT_SCOPE,38,35,1107.9248860426,834.401001,835.421997,40.939,True,False,known_binary_or_wide_companion; span_below_1200_days; fewer_than_40_observing_days,utmost_adapter_and_released_clock_binding; global_white_noise_translation; source_timing_and_phase_connection_verification; target_calibration_and_noise_adequacy; single_band_dispersion_noise_policy,feda07a730984424eae78f05cdcc0cab1408b54b0e3f898ff705fb33e5da647f,ebaf2c1e9030944b596b27bbf1dd4d5f64cb8120027f24ba3d41563b6948f2b8
pulsars/J1604-4909,J1604-4909,pulsars,True,CONDITIONAL_PREPARATION_CANDIDATE,113,100,1237.5985741560207,833.312988,840.234009,105.21,True,False,,utmost_adapter_and_released_clock_binding; global_white_noise_translation; source_timing_and_phase_connection_verification; target_calibration_and_noise_adequacy; single_band_dispersion_noise_policy,090bf02153d7fe10cda5e8d085a170a46a99615b96a4b91d686d2aaba5b3ef13,98ba28d557b77bc7240e1f1ec8c6cc3c9c2ebd65adad69a3c14eeb832d718914
pulsars/J1605-5257,J1605-5257,pulsars,True,CONDITIONAL_PREPARATION_CANDIDATE,162,147,1334.3248802736007,833.27002,840.234009,507.4335,True,True,,utmost_adapter_and_released_clock_binding; global_white_noise_translation; source_timing_and_phase_connection_verification; target_calibration_and_noise_adequacy; single_band_dispersion_noise_policy,2c15798c9ced795b25b848196dbe1e6f311f3acbb4c3a279818571500c66d899,6e60d2e693449e281eeb04f5dfe4f89a8fa77d3d7ea3a8e6578c86d820e2391d
pulsars/J1613-4714,J1613-4714,pulsars,True,EXCLUDED_CURRENT_SCOPE,65,58,1194.8199027982955,834.406006,835.471985,414.36,True,False,span_below_1200_days,utmost_adapter_and_released_clock_binding; global_white_noise_translation; source_timing_and_phase_connection_verification; target_calibration_and_noise_adequacy; single_band_dispersion_noise_policy,c2ee71a6c85ae9e1ab1ab36e1bca53b3843b76a10551691bc0c5d6d914c7feb0,ff4bcfd12ff48c9b7cb97182344967d21981b7c5d22ba2f5f770de959b5e4db9
pulsars/J1622-4950,J1622-4950,pulsars,True,EXCLUDED_CURRENT_SCOPE,77,70,430.82602036273903,831.023987,839.065979,17114.705,False,False,span_below_1200_days,utmost_adapter_and_released_clock_binding; global_white_noise_translation; source_timing_and_phase_connection_verification; target_calibration_and_noise_adequacy; single_band_dispersion_noise_policy,3f7d3d4dbc80172be42debe56e91e2b3c47d9553cb49032bcd7738b34f765450,68df517aaed07195b192cb1e0df56f1a24f91f5fe77f0a8354beeab63e28aaea
pulsars/J1623-0908,J1623-0908,pulsars,True,EXCLUDED_CURRENT_SCOPE,31,31,1113.7966222122454,834.762024,835.510986,734.776,True,True,span_below_1200_days; fewer_than_40_observing_days,utmost_adapter_and_released_clock_binding; global_white_noise_translation; source_timing_and_phase_connection_verification; target_calibration_and_noise_adequacy; single_band_dispersion_noise_policy,6f927a80fbe0f68133aae30574e1263d820966fbd6f89953e3b1c9b061e855ca,650c3518d7890e416a7ea390fc57a701b20b9f134d68b407b1bef2cc29841c89
pulsars/J1623-4256,J1623-4256,pulsars,True,CONDITIONAL_PREPARATION_CANDIDATE,57,54,1237.5923363969373,834.612976,840.232971,488.381,False,False,,utmost_adapter_and_released_clock_binding; global_white_noise_translation; source_timing_and_phase_connection_verification; target_calibration_and_noise_adequacy; single_band_dispersion_noise_policy,8300c9898d15bcda17cba648994500bb15a3fbf0e863077f04c3bbfdf2c464dd,94e01260ff1d047397b7ed32566ea466dfcf520e183e603b694e5b21c98d1c86
pulsars/J1626-4537,J1626-4537,pulsars,True,EXCLUDED_CURRENT_SCOPE,35,32,432.8166326492941,834.526978,835.580994,1126.282,True,True,span_below_1200_days; fewer_than_40_observing_days,utmost_adapter_and_released_clock_binding; global_white_noise_translation; source_timing_and_phase_connection_verification; target_calibration_and_noise_adequacy; single_band_dispersion_noise_policy,1ded586c014546ae4fc4fc059f8675a8bcc391f59e29072fd8f1b8dae2bdf06f,4a900220bb0620773bae3b075b983cb8f2416e836942ba84fe500e96b88a7e5e
pulsars/J1633-4453,J1633-4453,pulsars,True,EXCLUDED_CURRENT_SCOPE,33,30,440.7891090865442,834.672974,835.502991,2782.068,False,False,span_below_1200_days; fewer_than_40_observing_days,utmost_adapter_and_released_clock_binding; global_white_noise_translation; source_timing_and_phase_connection_verification; target_calibration_and_noise_adequacy; single_band_dispersion_noise_policy,88197c3acf9665b7cdfabf275a2304dc1c08a30c197b62ecbc64be1ecc767598,d04e6f70fc1ff51d9dbc5f12466e4c1d27e0a9969a86f7ca9d6ee4459d476ee8
pulsars/J1633-5015,J1633-5015,pulsars,True,CONDITIONAL_PREPARATION_CANDIDATE,110,97,1331.358620208698,832.971985,840.234009,342.2135,True,False,,utmost_adapter_and_released_clock_binding; global_white_noise_translation; source_timing_and_phase_connection_verification; target_calibration_and_noise_adequacy; single_band_dispersion_noise_policy,a85d387d50d7faf36dea832372273a77058f62013ad04177713700b875577223,b5fe0809750900a25c1ca2dc9dc6473fbe6709e0b23861888cc0a35fa4d1a930
pulsars/J1639-4604,J1639-4604,pulsars,True,EXCLUDED_CURRENT_SCOPE,57,49,878.6165710776401,833.005005,835.570007,446.302,True,False,span_below_1200_days,utmost_adapter_and_released_clock_binding; global_white_noise_translation; source_timing_and_phase_connection_verification; target_calibration_and_noise_adequacy; single_band_dispersion_noise_policy,1a120d1892c142481d52d87116abbe918e0176be74c3018b521791b74d6564ec,025eca9baa2d7815032f5dbfd311c380e6e1dfc568b46d6cfff3478c80498d65
pulsars/J1644-4559,J1644-4559,pulsars,True,CONDITIONAL_PREPARATION_CANDIDATE,648,433,1462.0110445575363,833.650024,840.234009,18.241500000000002,False,False,,utmost_adapter_and_released_clock_binding; global_white_noise_translation; source_timing_and_phase_connection_verification; target_calibration_and_noise_adequacy; single_band_dispersion_noise_policy,2f8e935f3a32c598a9ed611c66443fd5e6298b485539c8b9c9bb6ee687077ba8,8f8bfc9f9efc9b0fbdad44f85a09fde6b1f92d51d8fa3aa53133aab48bc55ea4
pulsars/J1646-6831,J1646-6831,pulsars,True,EXCLUDED_CURRENT_SCOPE,27,27,1193.8004949251779,834.640991,835.460022,1282.905,True,True,span_below_1200_days; fewer_than_40_observing_days,utmost_adapter_and_released_clock_binding; global_white_noise_translation; source_timing_and_phase_connection_verification; target_calibration_and_noise_adequacy; single_band_dispersion_noise_policy,789f5d97d7d5f909889f4007b9b5a2f36336bfb5c393b9e883397877d264d617,aeda209df6226449d724d4f0031b5bf035d30490de61cc2520625554eb051416
pulsars/J1651-4246,J1651-4246,pulsars,True,CONDITIONAL_PREPARATION_CANDIDATE,148,98,1231.613884730111,832.68103,840.234009,988.386,True,True,,utmost_adapter_and_released_clock_binding; global_white_noise_translation; source_timing_and_phase_connection_verification; target_calibration_and_noise_adequacy; single_band_dispersion_noise_policy,00f9ba1de6a28112427473f0078782f9cea77912466854e38c1c63e2e9c88d67,b23e39245475548421175327aed6206770462a6743a40a9b45fd44cbe287ad1e
pulsars/J1651-5222,J1651-5222,pulsars,True,CONDITIONAL_PREPARATION_CANDIDATE,95,92,1202.7836584306904,833.497009,835.640015,268.563,True,False,,utmost_adapter_and_released_clock_binding; global_white_noise_translation; source_timing_and_phase_connection_verification; target_calibration_and_noise_adequacy; single_band_dispersion_noise_policy,db8aab4054b37d064b5e92f3c4c966782d165e9abc2a0b80f56bea67470bb5e1,27c2d7365dcc61ceea1c352e25ea195e8bc789c8e36e42d53a140bcd10be7957
pulsars/J1651-5255,J1651-5255,pulsars,True,EXCLUDED_CURRENT_SCOPE,71,57,1118.8653284060456,834.145996,835.614014,1066.589,False,False,span_below_1200_days,utmost_adapter_and_released_clock_binding; global_white_noise_translation; source_timing_and_phase_connection_verification; target_calibration_and_noise_adequacy; single_band_dispersion_noise_policy,96057be5a76995492c34640c7921541f7d9d0d7dced6138cca285e625dd74233,51f82e30f645895d1e797f641b33f975810dfdac8e330847fa4d4ecd7ab17a75
pulsars/J1652-2404,J1652-2404,pulsars,True,EXCLUDED_CURRENT_SCOPE,27,25,1023.0508945537189,834.747009,836.013977,1120.797,False,False,span_below_1200_days; fewer_than_40_observing_days,utmost_adapter_and_released_clock_binding; global_white_noise_translation; source_timing_and_phase_connection_verification; target_calibration_and_noise_adequacy; single_band_dispersion_noise_policy,1e94a97ff616acffa73a276b07672b446c07a4aff7a1372264068884bb65a676,4e511bb1978a64a2e8cc774d3b2612f59c5dde064562dafc39b251a0d73d964f
pulsars/J1700-3312,J1700-3312,pulsars,True,EXCLUDED_CURRENT_SCOPE,53,46,1197.7090498491855,834.401978,835.559021,2214.654,True,False,span_below_1200_days,utmost_adapter_and_released_clock_binding; global_white_noise_translation; source_timing_and_phase_connection_verification; target_calibration_and_noise_adequacy; single_band_dispersion_noise_policy,ff8852e3ff179b8896af78b3b1206d765a3971ce1ba45261cd1151cbf8af4d3a,5682e285fb2219d3c81552b8a7681c6fcc49c048107aaabb905f06ebeead8cf8
pulsars/J1701-3726,J1701-3726,pulsars,True,EXCLUDED_CURRENT_SCOPE,62,51,1129.816526583122,834.309998,835.645996,1857.935,False,False,span_below_1200_days,utmost_adapter_and_released_clock_binding; global_white_noise_translation; source_timing_and_phase_connection_verification; target_calibration_and_noise_adequacy; single_band_dispersion_noise_policy,49c9bc80760cc520238252801b46c4c345eb8b38b41a7aec957eab7e258ab477,f12a7727bffda9501fc445709133d5b4a6e74b3fadf73ca94458315e496f4e64
pulsars/J1703-1846,J1703-1846,pulsars,True,EXCLUDED_CURRENT_SCOPE,34,30,1132.8086677473016,834.557007,835.551025,729.3205,True,True,span_below_1200_days; fewer_than_40_observing_days,utmost_adapter_and_released_clock_binding; global_white_noise_translation; source_timing_and_phase_connection_verification; target_calibration_and_noise_adequacy; single_band_dispersion_noise_policy,02097e9735f4e178039b08f25d964ac431cea135689ea3ebc4ffaec6344c72c8,e1c5ae180ddfb1c63b867b88580c9f061fb814f31b208b5c47f35ef98aa1c2b3
pulsars/J1703-3241,J1703-3241,pulsars,True,CONDITIONAL_PREPARATION_CANDIDATE,81,75,1260.544652979403,833.742004,840.234009,423.38,True,True,,utmost_adapter_and_released_clock_binding; global_white_noise_translation; source_timing_and_phase_connection_verification; target_calibration_and_noise_adequacy; single_band_dispersion_noise_policy,222a81b142e5524e8ae0adceb96309700f4157dee9ddee4726b64d25c9d234c4,b01f6a811c8eaee5a1ed62cdc1e4e6f827a51abc8c23148d72cb684719ad816a
pulsars/J1703-4851,J1703-4851,pulsars,False,EXCLUDED_CURRENT_SCOPE,50,49,1196.695342207072,834.335022,835.538025,593.4535000000001,True,True,span_below_1200_days,utmost_adapter_and_released_clock_binding; global_white_noise_translation; source_timing_and_phase_connection_verification; target_calibration_and_noise_adequacy; single_band_dispersion_noise_policy,885f8ae835e276cc94ab283a00719564a51056f5f8e1b53ec4e2a24e53036c8c,998e5ccda667c2c32c073a0fe5b7a6f23ae658e6a226085cd5c7024bfd6901ba
pulsars/J1705-1906,J1705-1906,pulsars,True,CONDITIONAL_PREPARATION_CANDIDATE,78,75,1254.5343891373195,833.995972,840.232971,132.3235,True,True,,utmost_adapter_and_released_clock_binding; global_white_noise_translation; source_timing_and_phase_connection_verification; target_calibration_and_noise_adequacy; single_band_dispersion_noise_policy,9168bbde06bd2243132027468e5bde64481001b454fddbc00ae4138bbd18fb3e,c1452ff75b15036e53545b006833371b77d3f5ddb833ad1b832e0cf064029402
pulsars/J1705-3423,J1705-3423,pulsars,True,CONDITIONAL_PREPARATION_CANDIDATE,112,104,1222.6308872139532,834.10498,835.562012,470.02549999999997,True,False,,utmost_adapter_and_released_clock_binding; global_white_noise_translation; source_timing_and_phase_connection_verification; target_calibration_and_noise_adequacy; single_band_dispersion_noise_policy,578fe0126dd181de06b949de43bd68368fbf609493f5d92cb7a90071e82ed5ae,3f8ccac72bb4ad7d41bc4e0d008d0c3794ee2ece01a4f8acbed83d69b0a67e37
pulsars/J1707-4053,J1707-4053,pulsars,True,CONDITIONAL_PREPARATION_CANDIDATE,57,56,1249.5812560044212,834.666016,840.232971,2240.002,False,False,,utmost_adapter_and_released_clock_binding; global_white_noise_translation; source_timing_and_phase_connection_verification; target_calibration_and_noise_adequacy; single_band_dispersion_noise_policy,6fb39925de21c3e0e7c4b4b0af1982df8e0471afd7ddbdd46180baf8e74f13af,810029b47e6b1b1b15410e0c9a3b8f1fb771a5fc1b506ada663162074d6d7fee
pulsars/J1708-3426,J1708-3426,pulsars,True,EXCLUDED_CURRENT_SCOPE,52,46,1194.6668248911715,834.346008,835.596008,933.781,False,False,span_below_1200_days,utmost_adapter_and_released_clock_binding; global_white_noise_translation; source_timing_and_phase_connection_verification; target_calibration_and_noise_adequacy; single_band_dispersion_noise_policy,0bdbae9e6d2b1492e0dbc4d25ec364f2c17a62ab06b1afd078729d3b752bd3e3,b3b9745c07cacba9e465993dfa93636dd1149db5f14ebe0236f580aa5f9a426d
pulsars/J1709-1640,J1709-1640,pulsars,True,EXCLUDED_CURRENT_SCOPE,38,38,1291.4651515868957,834.588013,840.232971,230.871,True,True,fewer_than_40_observing_days,utmost_adapter_and_released_clock_binding; global_white_noise_translation; source_timing_and_phase_connection_verification; target_calibration_and_noise_adequacy; single_band_dispersion_noise_policy,df4c804f6db9c9493cf0411712c09a7561559b4ac0cedf76ae91e79f97c665b6,f03b018086f4488abfcf3666a25321cab49466575edd951d42f83c4fb43df80e
pulsars/J1709-4429,J1709-4429,pulsars,True,EXCLUDED_CURRENT_SCOPE,110,101,1221.6638253584092,833.739014,840.232971,165.05,True,True,published_glitch_model,utmost_adapter_and_released_clock_binding; global_white_noise_translation; source_timing_and_phase_connection_verification; target_calibration_and_noise_adequacy; single_band_dispersion_noise_policy,4731cec987467b62d0062ef9223a2c947625ecb41c4e3e08526b7e1fdd57bf71,d675299c9623c1b8a73bf3f11c4cf488d96a5d9d34165af7670bea3d6b410f8c
pulsars/J1711-5350,J1711-5350,pulsars,True,EXCLUDED_CURRENT_SCOPE,46,43,1105.8540275287248,834.184998,835.48999,921.715,False,False,span_below_1200_days,utmost_adapter_and_released_clock_binding; global_white_noise_translation; source_timing_and_phase_connection_verification; target_calibration_and_noise_adequacy; single_band_dispersion_noise_policy,cd5b03a0549d0824759146eb3cee525af8eac6481c1ad31d95654faad68b51af,d85f1df103a167d4a7ffe63ffb7ab3ecfa36e016f1ba89940378644ed09efd57
pulsars/J1715-4034,J1715-4034,pulsars,True,CONDITIONAL_PREPARATION_CANDIDATE,76,69,1247.556122186491,834.023987,840.232971,4603.7815,False,False,,utmost_adapter_and_released_clock_binding; global_white_noise_translation; source_timing_and_phase_connection_verification; target_calibration_and_noise_adequacy; single_band_dispersion_noise_policy,948f6813f0a71ab62d17b148b6100218214c314eb77ac5b22f4092d3f579a674,94b47dc12f13d5be43b4de6e286f702326ef1500f2c1d67f3b6a986f6b839a8f
pulsars/J1717-3425,J1717-3425,pulsars,True,EXCLUDED_CURRENT_SCOPE,56,48,849.6396783840771,834.070007,835.783997,1140.837,False,False,span_below_1200_days,utmost_adapter_and_released_clock_binding; global_white_noise_translation; source_timing_and_phase_connection_verification; target_calibration_and_noise_adequacy; single_band_dispersion_noise_policy,99f6cc75c881d69270c4dd152fc22f1289b1d3027d6803d5d2116e0cac4df672,eaf20f068db372c6e409fab99e4b6fd1657deeffcd61655b477ea6152283286b
pulsars/J1717-4054,J1717-4054,pulsars,True,EXCLUDED_CURRENT_SCOPE,31,27,1456.0064814016375,834.754028,840.234009,869.441,False,False,fewer_than_40_observing_days,utmost_adapter_and_released_clock_binding; global_white_noise_translation; source_timing_and_phase_connection_verification; target_calibration_and_noise_adequacy; single_band_dispersion_noise_policy,141b7a7c0215e2732a190f72b0c0eb5336e13b51af044255dcfe0a89dc2a12dd,d0e9b7802ec8aafaa4d0e68e9e405e9e612c590dc7aef3fed53f598ce963f32d
pulsars/J1720-1633,J1720-1633,pulsars,True,EXCLUDED_CURRENT_SCOPE,41,40,1115.8139195249303,834.651978,835.731995,919.234,True,False,span_below_1200_days,utmost_adapter_and_released_clock_binding; global_white_noise_translation; source_timing_and_phase_connection_verification; target_calibration_and_noise_adequacy; single_band_dispersion_noise_policy,8da61e9ee1d5cb222e597a46fe5d03bb6cdce45fbe45c1da364c3dae4d36cef4,973ce4fdb61cab9cc6923f155a7a3da92296807cbfe221f1cf3fe7e2f2c3d8c0
pulsars/J1720-2933,J1720-2933,pulsars,True,EXCLUDED_CURRENT_SCOPE,43,38,1172.7264364726093,834.611023,835.690002,914.093,True,True,span_below_1200_days; fewer_than_40_observing_days,utmost_adapter_and_released_clock_binding; global_white_noise_translation; source_timing_and_phase_connection_verification; target_calibration_and_noise_adequacy; single_band_dispersion_noise_policy,0008228173a2a3470f01d5469a7ca87400f85e692d6470fe6af9ef41b494bd56,90ed0088da7e8bce93a42ed54c80e558f2df42be2ae3bb52efe95eeb27374add
pulsars/J1722-3207,J1722-3207,pulsars,True,EXCLUDED_CURRENT_SCOPE,89,79,1129.7916487223097,834.552979,835.71698,191.899,True,False,span_below_1200_days,utmost_adapter_and_released_clock_binding; global_white_noise_translation; source_timing_and_phase_connection_verification; target_calibration_and_noise_adequacy; single_band_dispersion_noise_policy,b649d8d660c5c92b1416d0121a122c4c29efd7cc7f21ea56a4a7e7f32d63626f,2d475b686f0d3f28190da8dd9791a765fb8efd720fee9646b687ad9b2381ef1c
pulsars/J1722-3712,J1722-3712,pulsars,True,EXCLUDED_CURRENT_SCOPE,116,110,1105.8293872459376,833.468018,835.544983,178.7065,True,False,span_below_1200_days,utmost_adapter_and_released_clock_binding; global_white_noise_translation; source_timing_and_phase_connection_verification; target_calibration_and_noise_adequacy; single_band_dispersion_noise_policy,a7cf704f491e11161ed40fb86a25fc8594a5e94d9b90171cc3b22a1c9a1d51f5,76eb0cc0828ea70585d668f1af2a2fcbacff3f3aa1bb64b789c9c517e9cac820
pulsars/J1727-2739,J1727-2739,pulsars,True,EXCLUDED_CURRENT_SCOPE,34,32,860.6048571356883,834.760986,835.620972,2961.2445,False,False,span_below_1200_days; fewer_than_40_observing_days,utmost_adapter_and_released_clock_binding; global_white_noise_translation; source_timing_and_phase_connection_verification; target_calibration_and_noise_adequacy; single_band_dispersion_noise_policy,06b25503f65eaa5b32f30c50649e752018f76b9175908f38bc5251ad98dda588,a39c0693960b18f0604d033edcb7d3e8d23d03b5a047a0c513e96f78ab817d02
pulsars/J1730-2304,J1730-2304,pulsars,True,EXCLUDED_CURRENT_SCOPE,42,40,1175.6871435226412,834.763,836.185974,35.757999999999996,True,True,span_below_1200_days,utmost_adapter_and_released_clock_binding; global_white_noise_translation; source_timing_and_phase_connection_verification; target_calibration_and_noise_adequacy; single_band_dispersion_noise_policy,99a55f0e110535f0eb0b5b35748abc65d942729774a00cfd6511daafdf02fbd2,827676e29c201930f5571b51997594683fd335af56204dc293272afbfc30b1e3
pulsars/J1731-4744,J1731-4744,pulsars,True,EXCLUDED_CURRENT_SCOPE,145,131,1275.5526121163812,833.66803,840.234009,90.543,True,False,published_glitch_model,utmost_adapter_and_released_clock_binding; global_white_noise_translation; source_timing_and_phase_connection_verification; target_calibration_and_noise_adequacy; single_band_dispersion_noise_policy,0c198670e5dab5019a0b3af46c66570f0aa3382aae074e655a90ba3dafed2711,bcc546ccc0f67c57eafb0cb70935b406720f0ab33155291ec60fccb4fb670fa0
pulsars/J1733-2228,J1733-2228,pulsars,True,EXCLUDED_CURRENT_SCOPE,40,37,1085.837050338829,834.47998,835.638,1655.9740000000002,False,False,span_below_1200_days; fewer_than_40_observing_days,utmost_adapter_and_released_clock_binding; global_white_noise_translation; source_timing_and_phase_connection_verification; target_calibration_and_noise_adequacy; single_band_dispersion_noise_policy,d627cf9c919bd7ca2e0f54c2153abb5ba6ac48608f9f8ab16ca347f09298cbbd,aaca9b3b9b8a1fe89f75283697373f912974f71e2077fb7ac9b9ab29d542fb4c
pulsars/J1736-2457,J1736-2457,pulsars,True,EXCLUDED_CURRENT_SCOPE,25,22,404.8932339153819,835.169006,835.672974,5095.714,False,False,span_below_1200_days; fewer_than_40_observing_days,utmost_adapter_and_released_clock_binding; global_white_noise_translation; source_timing_and_phase_connection_verification; target_calibration_and_noise_adequacy; single_band_dispersion_noise_policy,09e087573561fdaf6223d0cc78b8b55c16cd3fbeed8a40d20b00f33ac9ba8872,dd8f9dee7268f7c8c05c1bee6c245998acdef43a66aeba0ae2bd7ff408116f91
pulsars/J1739-2903,J1739-2903,pulsars,True,EXCLUDED_CURRENT_SCOPE,88,86,1074.8992812647648,833.796021,835.664978,319.093,True,False,span_below_1200_days,utmost_adapter_and_released_clock_binding; global_white_noise_translation; source_timing_and_phase_connection_verification; target_calibration_and_noise_adequacy; single_band_dispersion_noise_policy,757cae53d14913843fc363c6a9579b552f0a713498de0ac46f95c483607bc5f4,2b19c78f1b9d141f00a85b2252ae27e786a030430de4c146131b3c13f88c5f40
pulsars/J1740-3015,J1740-3015,pulsars,True,EXCLUDED_CURRENT_SCOPE,229,192,1237.6016495134993,834.04303,840.234009,159.599,True,False,published_glitch_model,utmost_adapter_and_released_clock_binding; global_white_noise_translation; source_timing_and_phase_connection_verification; target_calibration_and_noise_adequacy; single_band_dispersion_noise_policy,fb8b591a607bb8ea44716b1a7351533731399dd53bec26043f03eacb0ba649c5,bd262c64c21712a03129bb1de78e8a2f2d26ed23bae05b5ae4c5a7c55e5fdcfc
pulsars/J1741-3927,J1741-3927,pulsars,True,EXCLUDED_CURRENT_SCOPE,74,68,1119.800055166431,833.549011,835.494019,204.493,True,False,span_below_1200_days,utmost_adapter_and_released_clock_binding; global_white_noise_translation; source_timing_and_phase_connection_verification; target_calibration_and_noise_adequacy; single_band_dispersion_noise_policy,6b43567aa3c36d6684c9caca0babf2c2385902e57dff33c2373c719f556a8c1b,118c6c2e5e570d437edf17d28cbdfedc2f341ed994d566034591a383d878e71a
pulsars/J1743-3150,J1743-3150,pulsars,True,EXCLUDED_CURRENT_SCOPE,84,79,1124.9066895924066,834.25,835.827026,1868.371,True,False,span_below_1200_days,utmost_adapter_and_released_clock_binding; global_white_noise_translation; source_timing_and_phase_connection_verification; target_calibration_and_noise_adequacy; single_band_dispersion_noise_policy,e7e6f3dbfa8778bbab2d92ae610581b05c36ed61161495b414c8efb79541cc1b,f1ca10d5d9806ad36c35ac26df3cbf40b230dee6df0877189334819e56a7e812
pulsars/J1745-3040,J1745-3040,pulsars,True,CONDITIONAL_PREPARATION_CANDIDATE,110,90,1247.5128943325528,833.765015,840.232971,66.10499999999999,True,True,,utmost_adapter_and_released_clock_binding; global_white_noise_translation; source_timing_and_phase_connection_verification; target_calibration_and_noise_adequacy; single_band_dispersion_noise_policy,2d0ab02f9870543120f3942fdb69e113a3db7cd87369e15426ce2d14d3f5d38f,73c922624e2484b2b198fb45d7b4d4d8ddd2ab96d279962e915192d6c768ae77
pulsars/J1751-4657,J1751-4657,pulsars,True,CONDITIONAL_PREPARATION_CANDIDATE,53,50,1287.4816484120724,834.255981,840.234009,166.176,True,False,,utmost_adapter_and_released_clock_binding; global_white_noise_translation; source_timing_and_phase_connection_verification; target_calibration_and_noise_adequacy; single_band_dispersion_noise_policy,3a9df3fa11640fbc00ad952ecafcf245eccfd532f6c6befb89273843854481cb,3fc39d5d087ee4d99f96c39c533cf82b1349982ce2e9b9ae233a7fc030ca6328
pulsars/J1752-2806,J1752-2806,pulsars,True,CONDITIONAL_PREPARATION_CANDIDATE,145,130,1459.8260336649444,834.10199,840.234009,28.386,True,True,,utmost_adapter_and_released_clock_binding; global_white_noise_translation; source_timing_and_phase_connection_verification; target_calibration_and_noise_adequacy; single_band_dispersion_noise_policy,2b5d7f8f1167466cb698737f20b89e6f402af0bac8d6fb27b2090bff173e857e,36e059e7fb6ab61cc7e1456e9ce584e69a0845d215bc0efb979e9ca5f729b8f6
pulsars/J1757-2421,J1757-2421,pulsars,True,EXCLUDED_CURRENT_SCOPE,66,59,466.7224793282652,834.01001,835.874023,301.5935,True,False,span_below_1200_days,utmost_adapter_and_released_clock_binding; global_white_noise_translation; source_timing_and_phase_connection_verification; target_calibration_and_noise_adequacy; single_band_dispersion_noise_policy,361678260c01dc5b3954a1a9e4327a207c6edb8071334ff225cdf746866091f4,1110b54dcc27e05d584af119b00206bc61a16ae235653a016dc3c2e8bcc2f885
pulsars/J1759-2205,J1759-2205,pulsars,True,EXCLUDED_CURRENT_SCOPE,54,47,1074.9347015195845,834.635986,835.85498,166.31349999999998,True,True,span_below_1200_days,utmost_adapter_and_released_clock_binding; global_white_noise_translation; source_timing_and_phase_connection_verification; target_calibration_and_noise_adequacy; single_band_dispersion_noise_policy,b89ed107f0d0bdc32a4a9457bc830490a6b28fc05d40248576e0dd56027f202a,569b90ac79c583371fb33dbcea8f30515c8b66607b1ab2f843dc606cf5ed6088
pulsars/J1759-3107,J1759-3107,pulsars,True,EXCLUDED_CURRENT_SCOPE,40,38,852.7285378849518,834.120972,835.768005,705.168,True,True,span_below_1200_days; fewer_than_40_observing_days,utmost_adapter_and_released_clock_binding; global_white_noise_translation; source_timing_and_phase_connection_verification; target_calibration_and_noise_adequacy; single_band_dispersion_noise_policy,19eac385b3e461e2a5f3974a586f241d68835155a3d0b22aa8c85717d3b1d01a,2724ca39951f12460cb2073fb8bfbce2a5d4b44e075cbaab214e031935074816
pulsars/J1801-0357,J1801-0357,pulsars,True,EXCLUDED_CURRENT_SCOPE,29,28,832.6909713636667,834.367981,835.578979,659.773,True,True,span_below_1200_days; fewer_than_40_observing_days,utmost_adapter_and_released_clock_binding; global_white_noise_translation; source_timing_and_phase_connection_verification; target_calibration_and_noise_adequacy; single_band_dispersion_noise_policy,0f1af28d8abfbe9f913684c40aa45e1af4d97e75748d3c5bddc32abe17f6b401,b97f5bd879bc9566d7a99f44be547c4b16855376eb85078583e16065a9c2168c
pulsars/J1801-2920,J1801-2920,pulsars,True,EXCLUDED_CURRENT_SCOPE,60,58,1161.73946858814,834.617004,835.653015,581.7665,True,True,span_below_1200_days,utmost_adapter_and_released_clock_binding; global_white_noise_translation; source_timing_and_phase_connection_verification; target_calibration_and_noise_adequacy; single_band_dispersion_noise_policy,727572cbaf1ecadd8e025ca4152340bf8c676b9d6056db63684ae85fe6e5ecbc,16442c6fac3218aae650ef024a63d32542e8cdaeb6b78bf0c3c34c95d17260fe
pulsars/J1803-2137,J1803-2137,pulsars,True,EXCLUDED_CURRENT_SCOPE,52,50,458.74918565206104,834.958984,836.018982,379.31449999999995,True,False,span_below_1200_days,utmost_adapter_and_released_clock_binding; global_white_noise_translation; source_timing_and_phase_connection_verification; target_calibration_and_noise_adequacy; single_band_dispersion_noise_policy,c197f67d92b8da056a2d177bf0ea04a3497500d0c7b88e9839745ecebd248ab8,1de85d76df7dbf93fa5a48f06771ca01302f83a0c7add7381a6fe96f5de6d254
pulsars/J1805-1504,J1805-1504,pulsars,True,EXCLUDED_CURRENT_SCOPE,28,26,446.7726488597259,835.174011,835.616028,7667.1675,False,False,span_below_1200_days; fewer_than_40_observing_days,utmost_adapter_and_released_clock_binding; global_white_noise_translation; source_timing_and_phase_connection_verification; target_calibration_and_noise_adequacy; single_band_dispersion_noise_policy,ba0455756144aba98bd471e8abd8f25b9788e5800fdf3509170deeed54444c30,78e9063830ddd3c3eb4d2dcd8897fbe1e68b478bb5d5e56e4d08fdc5a9ac408e
pulsars/J1807-0847,J1807-0847,pulsars,True,CONDITIONAL_PREPARATION_CANDIDATE,74,68,1316.3982849301303,834.564026,840.234009,47.810500000000005,True,False,,utmost_adapter_and_released_clock_binding; global_white_noise_translation; source_timing_and_phase_connection_verification; target_calibration_and_noise_adequacy; single_band_dispersion_noise_policy,06fd34df2f07f76ac985b8ed61df94a2745e8de3bb73d3648b37c58891a685e4,38454eef0c6f7dc2d18823170e01c62259eec6e34546ee5b83aa7a8728b56a91
pulsars/J1807-2715,J1807-2715,pulsars,True,EXCLUDED_CURRENT_SCOPE,77,68,1111.8155884368052,834.713013,835.833008,456.155,True,True,span_below_1200_days,utmost_adapter_and_released_clock_binding; global_white_noise_translation; source_timing_and_phase_connection_verification; target_calibration_and_noise_adequacy; single_band_dispersion_noise_policy,d601dbbe77c5cde4a7c2ebacf9c8c26bd1b94e8d079c4158c6d07426a04c535d,bb64e2db86e18bd976b255a5c94af108e16db814773103b23fd580ac89193bdc
pulsars/J1808-0813,J1808-0813,pulsars,True,EXCLUDED_CURRENT_SCOPE,32,31,1202.7434102099953,834.739014,835.58197,889.244,True,False,fewer_than_40_observing_days,utmost_adapter_and_released_clock_binding; global_white_noise_translation; source_timing_and_phase_connection_verification; target_calibration_and_noise_adequacy; single_band_dispersion_noise_policy,e3f38da825ec9cd982752f8b246cb9a22fc3027bfb23e0d27e87d78d29bd9f38,6df1127544533023fbad75f6c47931200599d47a03538bd0f68aa89c2caea213
pulsars/J1809-2109,J1809-2109,pulsars,True,EXCLUDED_CURRENT_SCOPE,29,27,855.7212087951142,834.763977,835.784973,1308.083,True,True,span_below_1200_days; fewer_than_40_observing_days,utmost_adapter_and_released_clock_binding; global_white_noise_translation; source_timing_and_phase_connection_verification; target_calibration_and_noise_adequacy; single_band_dispersion_noise_policy,2eb5785d9445dc9abcce9b4c70751fac6b52f35591941606572f6c0ab6365afa,5eb65d32229fe30111807c2170250e0cc869dd70bdcd612a14f81365ab11959d
pulsars/J1810-5338,J1810-5338,pulsars,True,EXCLUDED_CURRENT_SCOPE,32,28,1054.9861266952898,834.732971,835.43103,427.02250000000004,False,False,span_below_1200_days; fewer_than_40_observing_days,utmost_adapter_and_released_clock_binding; global_white_noise_translation; source_timing_and_phase_connection_verification; target_calibration_and_noise_adequacy; single_band_dispersion_noise_policy,9e82048e53706c2b82035d07b62baf54406ac254d17ac1f227f1794822752aac,25079ff801837dcb881af98083cae00cff740392c77ae56067d19928219f27bc
pulsars/J1816-2650,J1816-2650,pulsars,True,EXCLUDED_CURRENT_SCOPE,51,49,1191.7412326628864,834.598999,835.612,698.886,False,False,span_below_1200_days,utmost_adapter_and_released_clock_binding; global_white_noise_translation; source_timing_and_phase_connection_verification; target_calibration_and_noise_adequacy; single_band_dispersion_noise_policy,a3506887268356f2a572f0afd1a88b3bbe50b1911ed207d1ec4a8ee49de27a9d,43d5f39953489cff63718ffb858a56f0d0f12a14778a05907c7f1ac2f192cb69
pulsars/J1818-1422,J1818-1422,pulsars,True,EXCLUDED_CURRENT_SCOPE,51,45,1077.0098650001223,834.278015,835.521973,2177.41,False,False,span_below_1200_days,utmost_adapter_and_released_clock_binding; global_white_noise_translation; source_timing_and_phase_connection_verification; target_calibration_and_noise_adequacy; single_band_dispersion_noise_policy,9fd4e5fb2513ba6273ec17b318ca2e116664d000c6b7bec85fbbf809d72fcd00,3cffc48e176ac0213dfafdede16b8499b8fc018dbbc2b02e79c60853ecd99f0f
pulsars/J1820-0427,J1820-0427,pulsars,True,CONDITIONAL_PREPARATION_CANDIDATE,55,54,1291.4587562366792,834.237,840.234009,107.793,True,True,,utmost_adapter_and_released_clock_binding; global_white_noise_translation; source_timing_and_phase_connection_verification; target_calibration_and_noise_adequacy; single_band_dispersion_noise_policy,fe1c52460548c4776a2ea154f21ce215741527577decca32cf4f6f018cb57d8f,cac63b19ae22506d8ac12d7a73429f3de674c8dc105fe5c4b3ef90f7b1d2a3de
pulsars/J1822-2256,J1822-2256,pulsars,True,EXCLUDED_CURRENT_SCOPE,57,56,1185.740866084784,833.905029,835.637024,862.236,False,False,span_below_1200_days,utmost_adapter_and_released_clock_binding; global_white_noise_translation; source_timing_and_phase_connection_verification; target_calibration_and_noise_adequacy; single_band_dispersion_noise_policy,ba43f4f601f82e14d3736375de450cdcfbd9a755875068e4d338bb33a7adfdda,acfb1cd14842299ee214517ef066860ff235816ff9eb9a47fe33ec81a0ad1975
pulsars/J1823-0154,J1823-0154,pulsars,True,EXCLUDED_CURRENT_SCOPE,35,32,1117.8706089608559,834.763,835.572998,487.47,True,False,span_below_1200_days; fewer_than_40_observing_days,utmost_adapter_and_released_clock_binding; global_white_noise_translation; source_timing_and_phase_connection_verification; target_calibration_and_noise_adequacy; single_band_dispersion_noise_policy,3b6ac8c4546f18ced6437de1917d74fa575e132e8f68818e6d7c6ce3f2bf5f7b,f62b3c135649f144320cfb3af962a1872afacbd5705c1340788ee1658b39b8fc
pulsars/J1823-1115,J1823-1115,pulsars,True,EXCLUDED_CURRENT_SCOPE,53,50,1136.768838503886,834.684998,835.54303,2525.893,False,False,known_binary_or_wide_companion; span_below_1200_days,utmost_adapter_and_released_clock_binding; global_white_noise_translation; source_timing_and_phase_connection_verification; target_calibration_and_noise_adequacy; single_band_dispersion_noise_policy,ae07defb7463e979174fcce62721263e2ee0f24e2ad7e8ef60b4dc0fb4bcfc3f,3e66dcbf6e1dbb61ac79b243280eae9a9be1ac09430d271122c9fc0a7ff6ca98
pulsars/J1823-3106,J1823-3106,pulsars,True,EXCLUDED_CURRENT_SCOPE,35,34,1107.8301343139563,834.562988,835.603027,133.074,True,False,span_below_1200_days; fewer_than_40_observing_days,utmost_adapter_and_released_clock_binding; global_white_noise_translation; source_timing_and_phase_connection_verification; target_calibration_and_noise_adequacy; single_band_dispersion_noise_policy,a4f5abba669ac5d02fea0aebb8acf7f11db1774232fd3605875e8fa9563f170b,25559b65fe055d7f8ddd98b770eae330bd231474a33799711725b8e1002b14c7
pulsars/J1824-0127,J1824-0127,pulsars,True,EXCLUDED_CURRENT_SCOPE,30,30,856.5898552440262,834.757996,835.562988,1511.5985,True,False,span_below_1200_days; fewer_than_40_observing_days,utmost_adapter_and_released_clock_binding; global_white_noise_translation; source_timing_and_phase_connection_verification; target_calibration_and_noise_adequacy; single_band_dispersion_noise_policy,8b59b84686fbf634eb1dc1a4d052b0f4be3ec9efda210326824ce17ab69d55ea,b2b5307c438f6ede8050b2112db06923e37baf170139881e888e721b0079fd9f
pulsars/J1824-1945,J1824-1945,pulsars,True,CONDITIONAL_PREPARATION_CANDIDATE,95,91,1204.6645230429099,834.044006,835.596008,44.474,True,False,,utmost_adapter_and_released_clock_binding; global_white_noise_translation; source_timing_and_phase_connection_verification; target_calibration_and_noise_adequacy; single_band_dispersion_noise_policy,3571672fda327f792cc6a86eb2b78669f42a57ee47c0cd4b819a92562d38250d,7bd9b8240084033714331ba3801da2027cdbaf3423efc8d666789803dc6247e5
pulsars/J1825-0935,J1825-0935,pulsars,True,CONDITIONAL_PREPARATION_CANDIDATE,144,133,1377.223117839439,834.450012,840.234009,262.6255,True,True,,utmost_adapter_and_released_clock_binding; global_white_noise_translation; source_timing_and_phase_connection_verification; target_calibration_and_noise_adequacy; single_band_dispersion_noise_policy,43599b4f15c4917f5710a9e6d7f23b24cb717e5e5a8eca63ddf2bafa1e114a5a,43ccd9c528ac78a0b6ebc32dc074d869ba8854533572dd0689765f595bacb333
pulsars/J1827-0750,J1827-0750,pulsars,True,EXCLUDED_CURRENT_SCOPE,49,45,840.6717699907986,834.656982,835.687012,571.123,True,True,span_below_1200_days,utmost_adapter_and_released_clock_binding; global_white_noise_translation; source_timing_and_phase_connection_verification; target_calibration_and_noise_adequacy; single_band_dispersion_noise_policy,de2496e2db9d212a873bc520efe89677ab35add3ebc6633c0b2ad1d3258f70fe,1d9fb36fee639e1440031c52ab18d591d7e083c010b45b147d274aeddeed48b9
pulsars/J1829-1751,J1829-1751,pulsars,True,CONDITIONAL_PREPARATION_CANDIDATE,79,75,1214.6342876960255,834.382996,835.666992,142.66,True,True,,utmost_adapter_and_released_clock_binding; global_white_noise_translation; source_timing_and_phase_connection_verification; target_calibration_and_noise_adequacy; single_band_dispersion_noise_policy,205f287c06d66b436f529980bbef8a2a5f59a71ac4bd7b82d6426d42d444bce9,98b150afa66a08b66d8c8a21e5b06de8764a3f782170c5aa76b486f7b43cfdb1
pulsars/J1830-1135,J1830-1135,pulsars,True,EXCLUDED_CURRENT_SCOPE,40,39,1064.9855249688965,834.721985,835.578003,11324.9915,False,False,span_below_1200_days; fewer_than_40_observing_days,utmost_adapter_and_released_clock_binding; global_white_noise_translation; source_timing_and_phase_connection_verification; target_calibration_and_noise_adequacy; single_band_dispersion_noise_policy,d67d31c360f748220901fb3a2e7516e97a2448d8d6a6b9c41e79e21e20660769,f3c7e38cec9aedd56f362db708c8fd81cce7fba81db148b9a457e68bf81bef95
pulsars/J1832-0827,J1832-0827,pulsars,True,EXCLUDED_CURRENT_SCOPE,93,85,1142.8578092847038,833.578003,835.614014,435.306,True,False,span_below_1200_days,utmost_adapter_and_released_clock_binding; global_white_noise_translation; source_timing_and_phase_connection_verification; target_calibration_and_noise_adequacy; single_band_dispersion_noise_policy,80331f8e7d584de532d329988a748a31837b6815a37940ec3b24ba484efdf2cd,625b697198db478ee1244a748b03bff30b8ee4d818760f206b05cffa68206176
pulsars/J1833-0338,J1833-0338,pulsars,True,EXCLUDED_CURRENT_SCOPE,102,93,1135.7905001736788,834.242004,835.547974,247.3295,True,True,span_below_1200_days,utmost_adapter_and_released_clock_binding; global_white_noise_translation; source_timing_and_phase_connection_verification; target_calibration_and_noise_adequacy; single_band_dispersion_noise_policy,7374366640cf15e30186a0239da48a825dc4a765fc341b761976a2bbb93e0aa2,3bfa3a0d9a62fdefd597d5ba8079003f789b1eeeedd610eb0268a3fe1942dcd9
pulsars/J1833-0827,J1833-0827,pulsars,True,EXCLUDED_CURRENT_SCOPE,54,50,1054.9811052995553,833.723999,835.476013,333.84450000000004,True,False,span_below_1200_days,utmost_adapter_and_released_clock_binding; global_white_noise_translation; source_timing_and_phase_connection_verification; target_calibration_and_noise_adequacy; single_band_dispersion_noise_policy,b54cc530e9fc22fa3d352a132fe6c76e9dada2a9ed1c397598a0dfd5d207ff52,fc158dfcaff0fc4ec9064a0c5034a7691ca7967c717a956b5020d03af0185897
pulsars/J1834-0426,J1834-0426,pulsars,True,EXCLUDED_CURRENT_SCOPE,53,49,1145.842066219565,834.502991,835.669006,487.969,True,True,span_below_1200_days,utmost_adapter_and_released_clock_binding; global_white_noise_translation; source_timing_and_phase_connection_verification; target_calibration_and_noise_adequacy; single_band_dispersion_noise_policy,449f3c904025bf18a1ac929dc529de806650e78e0c982a9f2511a92aa08e2439,280c00887a61463e29da92224a4de19fb0cf791c8f51c6b20da0f536493aa6b4
pulsars/J1835-1020,J1835-1020,pulsars,True,EXCLUDED_CURRENT_SCOPE,53,52,1150.7752672308397,834.669006,835.598999,467.568,True,True,span_below_1200_days,utmost_adapter_and_released_clock_binding; global_white_noise_translation; source_timing_and_phase_connection_verification; target_calibration_and_noise_adequacy; single_band_dispersion_noise_policy,4ee7bf51b50058a629837d54a2d6c7cc9d271c66aec63bdc6afc3e32ec10acec,33c2ec7e45cf2f4171c0257302af9a41c47c41410a0104da179fab66fc2b95ea
pulsars/J1836-0436,J1836-0436,pulsars,True,EXCLUDED_CURRENT_SCOPE,31,29,862.5728001294182,834.763977,835.547974,1571.252,True,False,span_below_1200_days; fewer_than_40_observing_days,utmost_adapter_and_released_clock_binding; global_white_noise_translation; source_timing_and_phase_connection_verification; target_calibration_and_noise_adequacy; single_band_dispersion_noise_policy,21abca44ed50c3121395ba429190b150f09be205701f843ffbdc1db568665399,562413e9ac4495c9f6d2292c630d4b9f01ab7b3f014c8b9c8578526f0eed4b47
pulsars/J1836-1008,J1836-1008,pulsars,True,CONDITIONAL_PREPARATION_CANDIDATE,74,72,1256.5484423761022,833.909973,840.234009,434.46950000000004,True,False,,utmost_adapter_and_released_clock_binding; global_white_noise_translation; source_timing_and_phase_connection_verification; target_calibration_and_noise_adequacy; single_band_dispersion_noise_policy,1de6875970ec1daed3abe2e5fbc1c4b48a7d2a56c2c474b01354623d57627cea,23a5e82453400805d1bbe1b8f5cb9d8a22f136306baaf7698df554a30ed9d755
pulsars/J1837-0653,J1837-0653,pulsars,True,EXCLUDED_CURRENT_SCOPE,50,47,796.853084712762,834.617004,835.526001,6936.465,True,False,span_below_1200_days,utmost_adapter_and_released_clock_binding; global_white_noise_translation; source_timing_and_phase_connection_verification; target_calibration_and_noise_adequacy; single_band_dispersion_noise_policy,896adc5aece6914ddaaa79a9403aff904e134cb9b998a357940d4cd8f431e5f5,8a8ec63f0ddaa09fe550acdff71ee3b571c4c68b79dee0b6ac2530b0812b0ef3
pulsars/J1840-0809,J1840-0809,pulsars,True,CONDITIONAL_PREPARATION_CANDIDATE,75,69,1222.5547962678115,834.669006,835.70697,1272.636,True,True,,utmost_adapter_and_released_clock_binding; global_white_noise_translation; source_timing_and_phase_connection_verification; target_calibration_and_noise_adequacy; single_band_dispersion_noise_policy,4b84d3d74ef57dd37f8a9e3df0a37055123d412df5ef7002eafd00b0d08f9e75,59e45e8c1c98353fc72548cd41f4f67b063161952c5b68512c21d52ca7a059cf
pulsars/J1840-0815,J1840-0815,pulsars,True,EXCLUDED_CURRENT_SCOPE,51,48,867.66064593483,834.612976,835.604004,1075.909,True,True,span_below_1200_days,utmost_adapter_and_released_clock_binding; global_white_noise_translation; source_timing_and_phase_connection_verification; target_calibration_and_noise_adequacy; single_band_dispersion_noise_policy,dd89c6752909328f550673d78f5761c002fa4947698bd81e3cc0deeade615ceb,5f3669a16c07f662dd9a05661cb960e81ca042a53b4f44e9553e472afd43f3b9
pulsars/J1841+0912,J1841+0912,pulsars,True,EXCLUDED_CURRENT_SCOPE,29,25,1150.8126505953903,834.484009,835.606018,374.011,True,True,span_below_1200_days; fewer_than_40_observing_days,utmost_adapter_and_released_clock_binding; global_white_noise_translation; source_timing_and_phase_connection_verification; target_calibration_and_noise_adequacy; single_band_dispersion_noise_policy,eb873a276935d9b84a9ed8d6679a88ce5f435d7681b7bf89ed49f1020e7b1ddd,eb5e33b544994e1db9634350167bc79043144b84a57a8b5ffa6e439108b995e2
pulsars/J1841-0425,J1841-0425,pulsars,True,EXCLUDED_CURRENT_SCOPE,31,30,798.9135944549936,834.546021,835.531006,478.06,False,False,span_below_1200_days; fewer_than_40_observing_days,utmost_adapter_and_released_clock_binding; global_white_noise_translation; source_timing_and_phase_connection_verification; target_calibration_and_noise_adequacy; single_band_dispersion_noise_policy,1245dde6a7af870589b84d08d73fd924d2238b9dc2e9d855b4917c5dd8c37b7e,984701708f511f6bc322652b56874432159887ad49c077db7b9767fd095e11fc
pulsars/J1842-0359,J1842-0359,pulsars,True,CONDITIONAL_PREPARATION_CANDIDATE,77,67,1225.5525882681784,834.492004,835.638977,2355.434,True,True,,utmost_adapter_and_released_clock_binding; global_white_noise_translation; source_timing_and_phase_connection_verification; target_calibration_and_noise_adequacy; single_band_dispersion_noise_policy,24f81ad0cf78c5ad953d9e430d07863e603b8b6c3ba6dbd07c2243bd5dd915ff,4ca244e307ffcba0aaf0a1c98188463bf0215c52ffc15340933beb9392972693
pulsars/J1843-0000,J1843-0000,pulsars,True,EXCLUDED_CURRENT_SCOPE,60,53,1134.7926606316164,834.757996,835.880981,1054.7620000000002,True,True,span_below_1200_days,utmost_adapter_and_released_clock_binding; global_white_noise_translation; source_timing_and_phase_connection_verification; target_calibration_and_noise_adequacy; single_band_dispersion_noise_policy,a6ddc08ecd9f44e446210d5a3c9fc485a0551c806b7f630cd5b39fe4c6c3e978,fcd34e6ff91677d317c22c6fe780f618e3198dc9d0a7dcdd536412816be98486
pulsars/J1844-0433,J1844-0433,pulsars,True,EXCLUDED_CURRENT_SCOPE,46,46,955.3294166023003,834.327026,835.586975,548.8795,True,True,span_below_1200_days,utmost_adapter_and_released_clock_binding; global_white_noise_translation; source_timing_and_phase_connection_verification; target_calibration_and_noise_adequacy; single_band_dispersion_noise_policy,412129ef99ad8b393018d3328ccd996b800257a9f948be39fa30dc3b512c9506,0cc8ba7492d038dea3b59441c72d071d382d5985cab5946d23be95051a2e2fe5
pulsars/J1845-0743,J1845-0743,pulsars,True,EXCLUDED_CURRENT_SCOPE,72,68,877.6332043871764,834.348999,835.60199,173.041,True,False,span_below_1200_days,utmost_adapter_and_released_clock_binding; global_white_noise_translation; source_timing_and_phase_connection_verification; target_calibration_and_noise_adequacy; single_band_dispersion_noise_policy,e3139752946e8b3521c02dcd645c28c809a306d487e0f6ca878bc8ee2fdbc6ee,ffd3937c2cee6bf87f30ee43cdf9ffdca97aab54a83b31bdeba66a75a5b0dce7
pulsars/J1847-0402,J1847-0402,pulsars,True,CONDITIONAL_PREPARATION_CANDIDATE,127,115,1256.5418450148957,834.552979,840.234009,497.02,True,False,,utmost_adapter_and_released_clock_binding; global_white_noise_translation; source_timing_and_phase_connection_verification; target_calibration_and_noise_adequacy; single_band_dispersion_noise_policy,e32b4ebb98a6efab45f971c003dba4bf55a8a50d3c101cb1714d86b5e028de3e,e798e55566de9e7c1af019d3c227236fd5da16b7ea4a5f29f1a2aef1ef60b304
pulsars/J1848-0123,J1848-0123,pulsars,True,CONDITIONAL_PREPARATION_CANDIDATE,111,97,1243.5733949035405,833.718994,840.232971,318.263,True,False,,utmost_adapter_and_released_clock_binding; global_white_noise_translation; source_timing_and_phase_connection_verification; target_calibration_and_noise_adequacy; single_band_dispersion_noise_policy,48882844bb9e28d2dedca7fb1e4b7fb778faafcf413326bf21b2e3d85459a9a2,80bc7e233cd783bc45671498aed9adcd7a5ac74d1fbb181e8e7a04585be1385a
pulsars/J1849-0636,J1849-0636,pulsars,True,EXCLUDED_CURRENT_SCOPE,108,86,1149.811782667714,834.648987,835.757019,650.5995,True,False,span_below_1200_days,utmost_adapter_and_released_clock_binding; global_white_noise_translation; source_timing_and_phase_connection_verification; target_calibration_and_noise_adequacy; single_band_dispersion_noise_policy,6c349610bef1ab0a352087c1a2e7772d5f1584b4714fe6b5aceca02f2b5766f1,3eaf25032d3dedf9d96ed5b37c8c36441afa0d36b26774b77b1481d9deff359d
pulsars/J1852-0635,J1852-0635,pulsars,True,EXCLUDED_CURRENT_SCOPE,109,99,1158.7625792835088,833.719971,835.580017,1092.67,True,True,span_below_1200_days,utmost_adapter_and_released_clock_binding; global_white_noise_translation; source_timing_and_phase_connection_verification; target_calibration_and_noise_adequacy; single_band_dispersion_noise_policy,daf81cdb2b685e6fa1c81a026308397c73b90d15e495a66a9298d4fc9869b887,ef02ab35d6791d69eb462ae0e5ca9d38d182520db0d6edbec807662d1c1b4b6b
pulsars/J1852-2610,J1852-2610,pulsars,True,EXCLUDED_CURRENT_SCOPE,25,21,864.5324139705024,834.757996,835.560974,273.182,True,False,span_below_1200_days; fewer_than_40_observing_days,utmost_adapter_and_released_clock_binding; global_white_noise_translation; source_timing_and_phase_connection_verification; target_calibration_and_noise_adequacy; single_band_dispersion_noise_policy,65644e06fe588b4150f6ba6faa437c3ce8d1c420eaf6c08c40ef4140129c47fd,d2c1d8316ff393cba3b870b573255e57b90ddf52bee8f76af7cab044e4cdaaa6
pulsars/J1857+0212,J1857+0212,pulsars,True,EXCLUDED_CURRENT_SCOPE,71,65,970.3171399882609,834.718018,835.679016,1647.283,True,False,span_below_1200_days,utmost_adapter_and_released_clock_binding; global_white_noise_translation; source_timing_and_phase_connection_verification; target_calibration_and_noise_adequacy; single_band_dispersion_noise_policy,e68c8f91c4872a864bc5672ba29c8558895ecabb137470e6ecb75867c40b805e,9a93cfc4f94c20241fa5d4e1c814fd989ed662322a263e84326641122ffdef3d
pulsars/J1900-2600,J1900-2600,pulsars,True,EXCLUDED_CURRENT_SCOPE,40,39,1224.6196124394514,834.679016,840.232971,314.9855,True,False,fewer_than_40_observing_days,utmost_adapter_and_released_clock_binding; global_white_noise_translation; source_timing_and_phase_connection_verification; target_calibration_and_noise_adequacy; single_band_dispersion_noise_policy,a5f3c2c4b410a63d2d14d366b8857f84a6de6de905c8295a088135b3583eca30,0b89c1b64c3ed1b120c2801e611c487a0fdfb6ab2f5f223a1f51da2c074c979e
pulsars/J1901+0331,J1901+0331,pulsars,True,EXCLUDED_CURRENT_SCOPE,127,111,1114.8694512456443,833.91803,835.643982,211.287,True,False,span_below_1200_days,utmost_adapter_and_released_clock_binding; global_white_noise_translation; source_timing_and_phase_connection_verification; target_calibration_and_noise_adequacy; single_band_dispersion_noise_policy,8c762abd0c2a74d218299be9d892aa36c102e9b79f4d54778f885bac7b113630,6af84614c51bb863493703914984bd24f9cba62658c4022377a825f4b155ba39
pulsars/J1901+0716,J1901+0716,pulsars,True,EXCLUDED_CURRENT_SCOPE,28,27,928.397766251489,834.250977,835.539001,1808.9515000000001,True,True,span_below_1200_days; fewer_than_40_observing_days,utmost_adapter_and_released_clock_binding; global_white_noise_translation; source_timing_and_phase_connection_verification; target_calibration_and_noise_adequacy; single_band_dispersion_noise_policy,c0befe7ff319311e969e6a1e1889f6361deaea5f1ebb7c35323a23b210ce0c10,47671102d48e0b42e704aace9cb5ad3068f3b439c2212c3b4bbeace23f31e9e6
pulsars/J1901-0906,J1901-0906,pulsars,True,EXCLUDED_CURRENT_SCOPE,52,46,1112.8746705859674,834.760986,835.495972,612.2935,True,False,span_below_1200_days,utmost_adapter_and_released_clock_binding; global_white_noise_translation; source_timing_and_phase_connection_verification; target_calibration_and_noise_adequacy; single_band_dispersion_noise_policy,64db3b9eca5827980cb1d3e2717796bc174fd401b33eb63303e15734ff847f54,87dcc1e68dcbed797394e46ea110ef57945914405eb7ff6db6dde2cb8cad65af
pulsars/J1902+0556,J1902+0556,pulsars,True,EXCLUDED_CURRENT_SCOPE,32,30,867.6081011301732,834.760986,835.658997,604.8230000000001,False,False,span_below_1200_days; fewer_than_40_observing_days,utmost_adapter_and_released_clock_binding; global_white_noise_translation; source_timing_and_phase_connection_verification; target_calibration_and_noise_adequacy; single_band_dispersion_noise_policy,10a32f342bf1994a484720e8dcea888e68f30cb263d8caf67c7ed715bca664d3,2c5bfdb476907b3d1676f124c61f33f4471b26b1a341058fc6bbec52b5b7b1b2
pulsars/J1902+0615,J1902+0615,pulsars,True,EXCLUDED_CURRENT_SCOPE,45,40,932.366234208345,834.463989,835.655029,331.72,True,True,span_below_1200_days,utmost_adapter_and_released_clock_binding; global_white_noise_translation; source_timing_and_phase_connection_verification; target_calibration_and_noise_adequacy; single_band_dispersion_noise_policy,9ce78af7d9a65b15b5614761279199b7cb7d0f6194c73f36a8f3b489134c5659,d11c2f47566c41bbadc9fa8fa37ed1158452bfb51aec95f3826c504ccca187b3
pulsars/J1903+0135,J1903+0135,pulsars,True,EXCLUDED_CURRENT_SCOPE,94,84,1133.8342306030358,834.107971,835.58197,151.68349999999998,True,True,span_below_1200_days,utmost_adapter_and_released_clock_binding; global_white_noise_translation; source_timing_and_phase_connection_verification; target_calibration_and_noise_adequacy; single_band_dispersion_noise_policy,21917aa2355b251121f5f747ea6072fc58c5d755d90b6d07f5693aef129dec28,e443b4a3a3b5bbd650c7baa86eddc75004b9ce7a8a8294fd93271f679eace5d3
pulsars/J1903-0632,J1903-0632,pulsars,True,EXCLUDED_CURRENT_SCOPE,69,62,1116.9188479924503,834.622986,835.934021,243.019,False,False,span_below_1200_days,utmost_adapter_and_released_clock_binding; global_white_noise_translation; source_timing_and_phase_connection_verification; target_calibration_and_noise_adequacy; single_band_dispersion_noise_policy,416c8d2869b4dfb79fb9c2a284595ef73ec9b50b3c93a9bc55cd8ec4b7fe9877,8a75e397f8abc1f9747dd9aa6c1dc631bbab3d3905ca758f43ca8a1363ecedd1
pulsars/J1905-0056,J1905-0056,pulsars,True,EXCLUDED_CURRENT_SCOPE,29,26,872.5915846610079,834.763977,835.526978,592.571,True,True,span_below_1200_days; fewer_than_40_observing_days,utmost_adapter_and_released_clock_binding; global_white_noise_translation; source_timing_and_phase_connection_verification; target_calibration_and_noise_adequacy; single_band_dispersion_noise_policy,231ad9b5e0a5d7e0051ce618b658a17974a914db00c86f1909833412c78b46d3,d8e17cca62bc764c1f7b073c275a1bd8fe5d9943a82c724c150426270aea7c00
pulsars/J1909+0007,J1909+0007,pulsars,True,EXCLUDED_CURRENT_SCOPE,71,67,1095.016994021835,834.635986,835.656982,424.141,True,True,span_below_1200_days,utmost_adapter_and_released_clock_binding; global_white_noise_translation; source_timing_and_phase_connection_verification; target_calibration_and_noise_adequacy; single_band_dispersion_noise_policy,6042b1ca48ec9626e4c6eeaa27403682fd224a395d199187d75266748c678e05,99a4fe1ae4ee7790597f098f4924d378f825b9f30d271ed2d5ba9e864cfd8318
pulsars/J1909+0254,J1909+0254,pulsars,True,EXCLUDED_CURRENT_SCOPE,51,47,1134.8080906574799,834.559998,835.619019,500.211,True,True,span_below_1200_days,utmost_adapter_and_released_clock_binding; global_white_noise_translation; source_timing_and_phase_connection_verification; target_calibration_and_noise_adequacy; single_band_dispersion_noise_policy,af30c25769542a3e38edd4aa01511090a700ef402b4d6decabe19ede7066545d,8331176046614baab843512cfa1737157c6b161b5cc978cb92bb69baf98b351b
pulsars/J1909+1102,J1909+1102,pulsars,True,EXCLUDED_CURRENT_SCOPE,95,84,1134.7980429888426,834.268982,835.533997,127.739,True,True,span_below_1200_days,utmost_adapter_and_released_clock_binding; global_white_noise_translation; source_timing_and_phase_connection_verification; target_calibration_and_noise_adequacy; single_band_dispersion_noise_policy,b5c4a70c47ab50ba8b585313255c18eba1b61a755367624338401ae278645162,f435d3ebc2d9709bfe205e79b9a47c8c62b74699dc973c1d9efffdac5b9f7aa7
pulsars/J1909-3744,J1909-3744,pulsars,True,EXCLUDED_CURRENT_SCOPE,68,54,1261.513934391298,833.95697,840.234009,4.5329999999999995,True,False,known_binary_or_wide_companion,utmost_adapter_and_released_clock_binding; global_white_noise_translation; source_timing_and_phase_connection_verification; target_calibration_and_noise_adequacy; single_band_dispersion_noise_policy,6a80b94cbd0263909aac6ad2de1e0f120e38c098b3fd8809094fef990323d0e4,12f9ddba8bb3a8c624334d444280cf8a4a1d0941ad58ee767839287dea9751c2
pulsars/J1910+0358,J1910+0358,pulsars,True,EXCLUDED_CURRENT_SCOPE,44,43,852.5981160591064,834.254028,835.55603,4556.7245,True,False,span_below_1200_days,utmost_adapter_and_released_clock_binding; global_white_noise_translation; source_timing_and_phase_connection_verification; target_calibration_and_noise_adequacy; single_band_dispersion_noise_policy,82b7a7919efad2e2719f18543e10b8466a51e803fc83d040c5784ae4c3be9c1a,dba581392b99cba57676650448ee48e5e4acce57b3554734b7b113bfc184e238
pulsars/J1910-0309,J1910-0309,pulsars,True,EXCLUDED_CURRENT_SCOPE,43,42,1101.8432803387234,834.625977,835.593018,408.592,True,False,span_below_1200_days,utmost_adapter_and_released_clock_binding; global_white_noise_translation; source_timing_and_phase_connection_verification; target_calibration_and_noise_adequacy; single_band_dispersion_noise_policy,f6e69b4f83efe51634573763246849e27b5d47eb49c9326e810fab4704b6dbe6,a7d709b511b87ca0bf8b26ac40c436514c620f03da3637eedb184c5e2473dd45
pulsars/J1913+1400,J1913+1400,pulsars,True,EXCLUDED_CURRENT_SCOPE,66,49,938.4261588423857,834.309021,835.633972,321.48350000000005,True,False,span_below_1200_days,utmost_adapter_and_released_clock_binding; global_white_noise_translation; source_timing_and_phase_connection_verification; target_calibration_and_noise_adequacy; single_band_dispersion_noise_policy,2812ec9ce4510719b7cbfa214231551da4fcadead8bfec8f778d1c89694716b1,c499afd42c3fb7cb6a7680ec58d83ad945195045b545de4816fbfa0a03963c04
pulsars/J1913-0440,J1913-0440,pulsars,True,CONDITIONAL_PREPARATION_CANDIDATE,88,80,1255.6580539541285,834.450012,840.234009,78.803,True,True,,utmost_adapter_and_released_clock_binding; global_white_noise_translation; source_timing_and_phase_connection_verification; target_calibration_and_noise_adequacy; single_band_dispersion_noise_policy,f61909f59d17e041cdf07c1ef18b7d340bbae2987df4f8c8aade1144e271e626,c4b72681abc668505d0a41fa99775a70da66d1345e3c36c3d4dc9a48e9305cce
pulsars/J1915+1009,J1915+1009,pulsars,True,EXCLUDED_CURRENT_SCOPE,105,86,1113.8618592136736,834.583984,836.156006,254.107,True,True,span_below_1200_days,utmost_adapter_and_released_clock_binding; global_white_noise_translation; source_timing_and_phase_connection_verification; target_calibration_and_noise_adequacy; single_band_dispersion_noise_policy,b18f631f21dadcb68c21f53ba3869948b35bbd9ee58a7af4537fbfc7b023f8d8,48c9d78fff8d91a2c7e07f041b4b1fd55bbd867cdd7da1dfda734ad0be0268cf
pulsars/J1916+0951,J1916+0951,pulsars,True,EXCLUDED_CURRENT_SCOPE,86,73,1129.8115109032624,834.164001,836.198975,244.5205,True,True,span_below_1200_days,utmost_adapter_and_released_clock_binding; global_white_noise_translation; source_timing_and_phase_connection_verification; target_calibration_and_noise_adequacy; single_band_dispersion_noise_policy,9dde5bf6839e7fa54a98a925c42c499cf6f6ef84acdd48c0ecdb309dd1796ba4,a9e1e70443a4cb5b9a8c07780e0d965f8a97aa579fad9149dda846b55f496b74
pulsars/J1916+1312,J1916+1312,pulsars,True,EXCLUDED_CURRENT_SCOPE,39,38,872.5891095386967,833.728027,835.536011,209.442,True,True,span_below_1200_days; fewer_than_40_observing_days,utmost_adapter_and_released_clock_binding; global_white_noise_translation; source_timing_and_phase_connection_verification; target_calibration_and_noise_adequacy; single_band_dispersion_noise_policy,061b8623b5a11ff6f5ef460f9e43a2ff3a0d7c1db89a17a19d982d69e5771985,52cf49e187463e4fc65fbbbc853d865ccae33142169c0dd03d982f04f90e6972
pulsars/J1917+1353,J1917+1353,pulsars,True,EXCLUDED_CURRENT_SCOPE,71,66,880.5312367591084,834.583984,835.736023,79.14,True,True,span_below_1200_days,utmost_adapter_and_released_clock_binding; global_white_noise_translation; source_timing_and_phase_connection_verification; target_calibration_and_noise_adequacy; single_band_dispersion_noise_policy,78a68c910fb53761699affd01614d815c61108a35675ed0bd3f38eb61e2be09e,45fb0f0fdbca6209864828a6b9b7de193a3ac27cb92c1dd3e30a881dc70d3e24
pulsars/J1919+0021,J1919+0021,pulsars,True,EXCLUDED_CURRENT_SCOPE,97,94,1162.6731296472599,834.739014,835.718018,590.355,True,True,span_below_1200_days,utmost_adapter_and_released_clock_binding; global_white_noise_translation; source_timing_and_phase_connection_verification; target_calibration_and_noise_adequacy; single_band_dispersion_noise_policy,ac1168cc4cef1d802f5127cb5030974f15451953943354c163a2e14e803f1cc4,55030db3a5b22803a08b294462388af4415adff24320efdd89006f022686e4f1
pulsars/J1926+0431,J1926+0431,pulsars,True,EXCLUDED_CURRENT_SCOPE,130,126,1133.7635227252078,834.435974,835.63501,585.279,False,False,span_below_1200_days,utmost_adapter_and_released_clock_binding; global_white_noise_translation; source_timing_and_phase_connection_verification; target_calibration_and_noise_adequacy; single_band_dispersion_noise_policy,6a564041b10e5fe52e86428a511de74a560b97f7b135025c1126598186b49c5b,f66632046f32173aecc4723ee617335e479660488a70e55dd8f1e00453b1255d
pulsars/J1932+1059,J1932+1059,pulsars,True,CONDITIONAL_PREPARATION_CANDIDATE,116,106,1295.5465792585167,833.875977,840.234009,38.827,True,True,,utmost_adapter_and_released_clock_binding; global_white_noise_translation; source_timing_and_phase_connection_verification; target_calibration_and_noise_adequacy; single_band_dispersion_noise_policy,b1dae7226de36d6df91ff68e71b242cd402b949009636ee54aa5a9ae9f59e269,e4a2528b3ea96e7578f25a1d7ce753c2cf1a8e460ad669be3867f3255f61fdfd
pulsars/J1932-3655,J1932-3655,pulsars,True,EXCLUDED_CURRENT_SCOPE,39,39,847.5520079313915,834.258972,835.578003,628.165,True,True,span_below_1200_days; fewer_than_40_observing_days,utmost_adapter_and_released_clock_binding; global_white_noise_translation; source_timing_and_phase_connection_verification; target_calibration_and_noise_adequacy; single_band_dispersion_noise_policy,bc3204600b90630b557ddbcecf9fe98b5365a7c22dde78c18a8526b1e5750a0b,5c301711a35118d10ab1b5061e1df7472995f95470903cea8cc249eeca31a038
pulsars/J1935+1616,J1935+1616,pulsars,True,EXCLUDED_CURRENT_SCOPE,59,54,764.8836571135308,834.416016,835.619995,18.822,True,False,span_below_1200_days,utmost_adapter_and_released_clock_binding; global_white_noise_translation; source_timing_and_phase_connection_verification; target_calibration_and_noise_adequacy; single_band_dispersion_noise_policy,2a7240840523bc044724997d4e1b9b831955f9241e858240c4700d51f779995d,d5c032431f970a8bc6e9629a197f171eef308a309a88c36961e5db1e31d93ff6
pulsars/J1941-2602,J1941-2602,pulsars,True,EXCLUDED_CURRENT_SCOPE,105,95,1101.8168446123484,834.507996,835.60498,110.737,True,False,span_below_1200_days,utmost_adapter_and_released_clock_binding; global_white_noise_translation; source_timing_and_phase_connection_verification; target_calibration_and_noise_adequacy; single_band_dispersion_noise_policy,27d9088e339154eb56f5ac5ebc5af3d2ab650cf5310b69f9f7f6f465ddeba43f,37824a6ff160d65d8079473b8d78b28cd4c8948ea6a1212fb1647507d397dbe7
pulsars/J1943-1237,J1943-1237,pulsars,True,EXCLUDED_CURRENT_SCOPE,54,52,1146.8427881608172,834.651978,835.588989,398.9785,True,False,span_below_1200_days,utmost_adapter_and_released_clock_binding; global_white_noise_translation; source_timing_and_phase_connection_verification; target_calibration_and_noise_adequacy; single_band_dispersion_noise_policy,d81581586122cdf8b56587f3bdfde3918dbd7031b4f8675dd2cd4dd543334d13,28013aa7bd03adc43150efd6e1e63ad2fa1cfc826f03f378b04092865ce4fca0
pulsars/J1945-0040,J1945-0040,pulsars,True,EXCLUDED_CURRENT_SCOPE,64,63,461.73460737366867,834.85498,835.557007,3786.4725,True,True,span_below_1200_days,utmost_adapter_and_released_clock_binding; global_white_noise_translation; source_timing_and_phase_connection_verification; target_calibration_and_noise_adequacy; single_band_dispersion_noise_policy,c31296abef0ce1ea2fdcf4c7f543ca8dfe0c609dcaa9991811175afbeefaedbd,055f4620a32eeb6f26ce5b5fc43374a14f126b8f38043a6b2456d738eb3980c3
pulsars/J1946-2913,J1946-2913,pulsars,True,EXCLUDED_CURRENT_SCOPE,63,62,1166.6620574871959,833.510986,835.575989,753.905,True,False,span_below_1200_days,utmost_adapter_and_released_clock_binding; global_white_noise_translation; source_timing_and_phase_connection_verification; target_calibration_and_noise_adequacy; single_band_dispersion_noise_policy,903603d86329029abbcbac6438d86132b9b6cef7f787a08ec76b6e7540e9a9eb,dbf462c87ac168c7e15f1cba8d725312e81c777c4234737ac625debbfdbff1ac
pulsars/J2006-0807,J2006-0807,pulsars,True,CONDITIONAL_PREPARATION_CANDIDATE,255,253,1218.5440648940291,834.521973,835.705017,1303.638,True,True,,utmost_adapter_and_released_clock_binding; global_white_noise_translation; source_timing_and_phase_connection_verification; target_calibration_and_noise_adequacy; single_band_dispersion_noise_policy,a23a30ee5f1af674aeb8b584ccf8234a70b53d35e2b5101d6d24e3b5608b3eaf,d6a384be56ce28f30cac81a475f77d84f6df08c35483de10454cb91d92e555fa
pulsars/J2033+0042,J2033+0042,pulsars,True,EXCLUDED_CURRENT_SCOPE,129,123,1168.7026725284325,834.728027,835.552002,5458.372,False,False,span_below_1200_days,utmost_adapter_and_released_clock_binding; global_white_noise_translation; source_timing_and_phase_connection_verification; target_calibration_and_noise_adequacy; single_band_dispersion_noise_policy,5e98fa4d17281369986e102d86417b20adf7449e4e04838f156c0c178c1881f4,e4ecea3ad0eb93a7a54a08c6b95f047e52c774b1b5ca8af788f9d92060974856
pulsars/J2038-3816,J2038-3816,pulsars,True,EXCLUDED_CURRENT_SCOPE,48,48,856.5473573358723,834.747986,835.559021,2992.024,True,False,span_below_1200_days,utmost_adapter_and_released_clock_binding; global_white_noise_translation; source_timing_and_phase_connection_verification; target_calibration_and_noise_adequacy; single_band_dispersion_noise_policy,746693fd38c57f4e1b81924d2607b61b4e5f4ef7263517f544464cfb98caaa0f,218a6ddbd09856f9062e1aa75c3a9316dd785a2b56b00bb47ab1afa3dc7a98b6
pulsars/J2046+1540,J2046+1540,pulsars,True,CONDITIONAL_PREPARATION_CANDIDATE,72,71,1206.6252566014339,834.72699,835.609985,876.1595,True,False,,utmost_adapter_and_released_clock_binding; global_white_noise_translation; source_timing_and_phase_connection_verification; target_calibration_and_noise_adequacy; single_band_dispersion_noise_policy,0fddadab86254b3e2d98d8f90889443a6f7b2911f1a550bb44f10adbe0a5d17f,61a97fec3885506b9383248f9daefc4e9651ddc190faedbde5bd05aac9ab66e9
pulsars/J2046-0421,J2046-0421,pulsars,True,CONDITIONAL_PREPARATION_CANDIDATE,141,123,1213.5793946820677,833.403992,835.700012,647.053,True,False,,utmost_adapter_and_released_clock_binding; global_white_noise_translation; source_timing_and_phase_connection_verification; target_calibration_and_noise_adequacy; single_band_dispersion_noise_policy,371f7e8b9fa9b9286ebe26e0e57493d1683582c8e12740e0076d2269632d696f,466637c881b6938f0be005b87eca75fac3a9acb99fef21d3243ec45ab42b5b9f
pulsars/J2048-1616,J2048-1616,pulsars,True,CONDITIONAL_PREPARATION_CANDIDATE,105,100,1438.9828549114407,833.960022,840.234009,366.637,True,True,,utmost_adapter_and_released_clock_binding; global_white_noise_translation; source_timing_and_phase_connection_verification; target_calibration_and_noise_adequacy; single_band_dispersion_noise_policy,25ae6cca00bb83e62e688bda2801b7a660486b804b18e2c283a33b03ac3eaee8,70f2b6d47cc4f44ecf00bf20743757f41f66cacff5c7910feb58c1a0e496861a
pulsars/J2051-0827,J2051-0827,pulsars,True,EXCLUDED_CURRENT_SCOPE,193,186,1151.8585237712523,834.497009,835.591003,94.618,False,False,known_binary_or_wide_companion; span_below_1200_days,utmost_adapter_and_released_clock_binding; global_white_noise_translation; source_timing_and_phase_connection_verification; target_calibration_and_noise_adequacy; single_band_dispersion_noise_policy,37ecefc45565241a6932c2a86f4a3552002981b1ce156c789df69b289066dac2,694d09b3af96e68da35d0a7e7c0c1c32c3fe296ef324910032da10ccfe246c28
pulsars/J2053-7200,J2053-7200,pulsars,True,EXCLUDED_CURRENT_SCOPE,64,58,1147.8348843364804,833.726013,835.601013,647.2165,True,False,span_below_1200_days,utmost_adapter_and_released_clock_binding; global_white_noise_translation; source_timing_and_phase_connection_verification; target_calibration_and_noise_adequacy; single_band_dispersion_noise_policy,a44550534a45d01b813f8a9912ce4ead3ece37e516484e31beb19d3020eb6635,02c73b791e0ba9bb36ead757312e75a19ffa5d24344a73c199af39cb8acecde7
pulsars/J2116+1414,J2116+1414,pulsars,True,EXCLUDED_CURRENT_SCOPE,127,119,1132.808669881191,834.705017,835.580017,417.715,True,False,span_below_1200_days,utmost_adapter_and_released_clock_binding; global_white_noise_translation; source_timing_and_phase_connection_verification; target_calibration_and_noise_adequacy; single_band_dispersion_noise_policy,01270e41b13682b4d54a174850682a2a113c34c29d11bb29b1e9c17ec809512f,3ee7ba886dec6a004d51472d0a5b427f473dedaab5d78f62938dee310a39ef6f
pulsars/J2129-5721,J2129-5721,pulsars,True,EXCLUDED_CURRENT_SCOPE,100,68,789.737499527432,834.401001,835.504028,16.396,True,False,known_binary_or_wide_companion; span_below_1200_days,utmost_adapter_and_released_clock_binding; global_white_noise_translation; source_timing_and_phase_connection_verification; target_calibration_and_noise_adequacy; single_band_dispersion_noise_policy,95e05dde049a46695ad3c54903dc1a8042274a0585bed34f52d5377c8df6855e,1b8b629a74452d30a6f87009f8d41e79d30db13a5d52c55f4816cde87bec3cde
pulsars/J2144-3933,J2144-3933,pulsars,True,EXCLUDED_CURRENT_SCOPE,95,94,1140.785705812086,834.481995,835.575989,2854.601,False,False,span_below_1200_days,utmost_adapter_and_released_clock_binding; global_white_noise_translation; source_timing_and_phase_connection_verification; target_calibration_and_noise_adequacy; single_band_dispersion_noise_policy,6f6426ff25461630ea0bd3cea61c1a0b572b524558909adf7ffd27390fcf07e4,8696c69b91b886a8387d377477a6216e2446b4db03da3b7a9262ef4ea8689d85
pulsars/J2145-0750,J2145-0750,pulsars,True,EXCLUDED_CURRENT_SCOPE,162,157,1109.8658566398658,834.471985,835.585022,17.872500000000002,True,False,known_binary_or_wide_companion; span_below_1200_days,utmost_adapter_and_released_clock_binding; global_white_noise_translation; source_timing_and_phase_connection_verification; target_calibration_and_noise_adequacy; single_band_dispersion_noise_policy,73bb8957f57dc9c50b4c95744b07cf3bec3f6b2dc91ff847e3f36400715cfb1c,3cbac69f93d2f66b47aa9656865351d7220928d5e3cbbea81949cb14f48aef4c
pulsars/J2155-3118,J2155-3118,pulsars,True,EXCLUDED_CURRENT_SCOPE,61,60,1096.8853332538715,834.659973,835.794983,1261.925,True,True,span_below_1200_days,utmost_adapter_and_released_clock_binding; global_white_noise_translation; source_timing_and_phase_connection_verification; target_calibration_and_noise_adequacy; single_band_dispersion_noise_policy,492648774b0de6d0439a65731ddd2d4a1333b2f86c57c0ad35483e4766e864fb,81dd4e08ae9b1adcf481a5aac56a54f1697273ff317fcf1250fc06aa6aff24db
pulsars/J2222-0137,J2222-0137,pulsars,True,EXCLUDED_CURRENT_SCOPE,216,188,1138.845431493044,834.544983,835.84198,34.354,True,False,known_binary_or_wide_companion; span_below_1200_days,utmost_adapter_and_released_clock_binding; global_white_noise_translation; source_timing_and_phase_connection_verification; target_calibration_and_noise_adequacy; single_band_dispersion_noise_policy,17cdd53149925a9376ac94801ba0176d51d4410a783aab05b64554e172f751be,420009cdedc1483c4116d0568385a85b846deb83509a3b39345a1de9eba98265
pulsars/J2241-5236,J2241-5236,pulsars,True,EXCLUDED_CURRENT_SCOPE,295,204,1164.765683614631,833.916016,840.234009,2.831,True,False,known_binary_or_wide_companion; span_below_1200_days,utmost_adapter_and_released_clock_binding; global_white_noise_translation; source_timing_and_phase_connection_verification; target_calibration_and_noise_adequacy; single_band_dispersion_noise_policy,7c1039c3819d4faeb13fc1dbf4b6be743259ac8db1e4c2f0672cc2290e228edc,cd37c5053e75fc9540264285d1353ad223ddb44d9a7a30dc2e32b0dc9fbb0525
pulsars/J2248-0101,J2248-0101,pulsars,True,EXCLUDED_CURRENT_SCOPE,172,168,905.5038672827736,834.307007,835.661987,505.3915,True,False,span_below_1200_days,utmost_adapter_and_released_clock_binding; global_white_noise_translation; source_timing_and_phase_connection_verification; target_calibration_and_noise_adequacy; single_band_dispersion_noise_policy,0a0caa0ffadb9a8ce10198dd94604ed6b124afb2726f6812230ec6c95439006a,68df31b16d9a7d472e2657cfe08c529761f3c4b2a7b3e1c932a4d1f046e7395a
pulsars/J2324-6054,J2324-6054,pulsars,True,EXCLUDED_CURRENT_SCOPE,87,76,1093.8919976091174,834.455017,835.492004,1774.714,True,False,span_below_1200_days,utmost_adapter_and_released_clock_binding; global_white_noise_translation; source_timing_and_phase_connection_verification; target_calibration_and_noise_adequacy; single_band_dispersion_noise_policy,0ec546ad13a365808e6276272b93ca566d0a9ae48309518ebe31a22bb33c7d01,82a180bc8d44ead81c4eca351456564dd01b9a2cb4bce7f79e614b6bb6db80d8
pulsars/J2330-2005,J2330-2005,pulsars,True,CONDITIONAL_PREPARATION_CANDIDATE,172,146,1253.4767070986836,834.547974,840.232971,415.56,True,False,,utmost_adapter_and_released_clock_binding; global_white_noise_translation; source_timing_and_phase_connection_verification; target_calibration_and_noise_adequacy; single_band_dispersion_noise_policy,957970f5b28a39d6e81458c6ef8b400b68d191d1bec39e2c1535137b9dd7a3aa,c1086433eeb1975f3b890e570326fb082368f30a96625a23246f948933ae7ea8
pulsars/J2346-0609,J2346-0609,pulsars,True,EXCLUDED_CURRENT_SCOPE,236,207,1150.89043898876,834.325989,835.577026,615.2090000000001,True,False,span_below_1200_days,utmost_adapter_and_released_clock_binding; global_white_noise_translation; source_timing_and_phase_connection_verification; target_calibration_and_noise_adequacy; single_band_dispersion_noise_policy,2da3c847b68e043fb0afb7de333094b813cf7938a80a8aadc759458361ecec6a,fd1f750f3b0dede8f5ef37a5133bd843dabb011bdb4d1080cebbf6d3e057718e
